Season,Basin,Name,Wind1,Wind2,Wind3,Wind4
1980,EP,AGATHA,100,95,90,85
1980,EP,BLAS,50,50,50,45
1980,EP,CELIA,65,65,65,65
1980,EP,DARBY,45,45,35,30
1980,EP,ESTELLE,40,35,35,25
1980,EP,FRANK,45,40,35,35
1980,EP,GEORGETTE,65,55,50,45
1980,EP,HOWARD,90,85,80,80
1980,EP,ISIS,85,80,80,75
1980,EP,JAVIER,100,100,100,95
1980,EP,KAY,120,115,115,105
1980,EP,LESTER,35,35,35,35
1980,EP,MADELINE,45,45,35,30
1980,EP,NEWTON,35,35,35,35
1980,NA,ALLEN,165,155,155,155
1980,NA,BONNIE,85,85,85,75
1980,NA,CHARLEY,70,70,70,65
1980,NA,DANIELLE,50,40,35,30
1980,NA,EARL,65,65,65,65
1980,NA,FRANCES,100,100,100,90
1980,NA,GEORGES,70,70,70,65
1980,NA,HERMINE,60,60,60,55
1980,NA,IVAN,90,90,90,90
1980,NA,JEANNE,85,75,70,65
1980,NA,KARL,75,75,75,70
1980,SI,AMY,115,115,115,115
1980,SI,BRIAN,100,100,100,100
1980,SI,CLARA,60,55,55,50
1980,SI,DEAN,110,110,100,90
1980,SI,ENID,110,100,95,90
1980,SI,FRED,105,105,100,100
1980,SI,GLORIA,90,90,90,90
1980,SI,VIOLA/CLAUDE,110,110,110,110
1980,SI,WILF/DANITZA,70,70,70,65
1980,SP,OFA,55,45,45,40
1980,SP,PAUL,50,45,45,45
1980,SP,PENI,65,50,45,40
1980,SP,RAE,40,30,30,30
1980,SP,RUTH,55,55,50,50
1980,SP,SIMON,90,90,85,85
1980,SP,SINA,65,65,55,55
1980,SP,TIA,55,45,40,35
1980,SP,VAL,55,40,40,30
1980,SP,WALLY,35,35,35,30
1980,WP,BETTY,100,100,100,100
1980,WP,CARMEN,60,55,45,45
1980,WP,CARY,45,40,40,40
1980,WP,DINAH,90,90,85,80
1980,WP,DOM,85,85,70,70
1980,WP,ED,45,45,45,45
1980,WP,ELLEN,105,105,100,95
1980,WP,FORREST,55,55,50,50
1980,WP,GEORGIA,55,55,50,50
1980,WP,HERBERT,50,45,45,45
1980,WP,IDA,70,70,60,60
1980,WP,JOE,85,80,75,75
1980,WP,KIM,100,100,90,80
1980,WP,LEX,75,70,70,70
1980,WP,MARGE,90,90,90,90
1980,WP,NORRIS,95,75,75,70
1980,WP,ORCHID,70,70,70,70
1980,WP,PERCY,100,100,90,90
1980,WP,RUTH,55,55,50,45
1980,WP,SPERRY,65,65,65,60
1980,WP,THELMA,55,55,55,55
1980,WP,VERNON,95,90,90,90
1980,WP,WYNNE,120,120,110,110
1981,EP,ADRIAN,40,40,35,35
1981,EP,BEATRIZ,75,75,75,75
1981,EP,CALVIN,45,40,40,40
1981,EP,DORA,80,80,75,70
1981,EP,EUGENE,45,45,45,45
1981,EP,FERNANDA,90,90,85,85
1981,EP,GREG,65,65,55,55
1981,EP,HILARY,75,75,70,70
1981,EP,IRWIN,45,45,35,35
1981,EP,JOVA,75,75,70,70
1981,EP,KNUT,55,55,55,50
1981,EP,LIDIA,45,45,40,35
1981,EP,MAX,45,40,40,40
1981,EP,NORMA,110,110,100,100
1981,EP,OTIS,75,75,70,70
1981,NA,ARLENE,50,45,40,35
1981,NA,BRET,60,60,60,55
1981,NA,CINDY,50,50,50,50
1981,NA,DENNIS,70,65,60,55
1981,NA,EMILY,80,80,80,80
1981,NA,FLOYD,100,100,100,100
1981,NA,GERT,90,90,90,90
1981,NA,HARVEY,115,110,110,105
1981,NA,IRENE,105,105,105,100
1981,NA,JOSE,45,45,40,40
1981,NA,KATRINA,75,70,65,65
1981,SI,ALICE/ADELAI,105,105,100,100
1981,SI,CAROL,110,110,105,100
1981,SI,DAN,50,50,50,50
1981,SI,EDNA,40,40,35,35
1981,SI,FELIX,100,100,100,100
1981,SI,MABEL,110,110,110,110
1981,SI,MAX,85,85,80,80
1981,SI,NEIL,105,100,100,100
1981,SI,OLGA,95,95,95,90
1981,SI,PADDY,65,65,65,65
1981,SP,ARTHUR,70,70,65,65
1981,SP,BETSY,40,40,40,35
1981,SP,CLIFF,65,65,65,65
1981,SP,CYC1981,50,45,40,40
1981,SP,DAMAN,55,50,45,40
1981,SP,DIOLA,40,40,35,35
1981,SP,EDDIE,55,55,55,50
1981,SP,ESAU,55,55,50,50
1981,SP,FRAN,50,50,50,50
1981,SP,FREDA,80,75,75,70
1981,SP,TAHMAR,65,65,60,55
1981,WP,AGNES,80,80,80,80
1981,WP,BILL,75,70,70,70
1981,WP,CLARA,100,100,95,90
1981,WP,DOYLE,70,70,70,70
1981,WP,ELSIE,120,120,110,110
1981,WP,FABIAN,45,40,40,40
1981,WP,FREDA,90,90,90,90
1981,WP,GAY,85,85,80,80
1981,WP,GERALD(-)1,60,60,60,55
1981,WP,HAZEN,70,70,70,65
1981,WP,HOLLY,45,45,45,45
1981,WP,IKE,60,60,60,55
1981,WP,IRMA,110,110,110,110
1981,WP,JEFF,40,35,35,35
1981,WP,JUNE,70,70,70,70
1981,WP,KELLY,60,60,60,60
1981,WP,KIT(-)1,100,100,95,95
1981,WP,LEE,80,80,75,70
1981,WP,LYNN,55,55,55,55
1981,WP,MAURY,50,50,50,45
1981,WP,OGDEN,50,50,50,45
1981,WP,PHYLLIS,55,50,45,45
1981,WP,ROY,45,45,45,45
1981,WP,SUSAN,60,60,55,55
1981,WP,TD0731,40,40,40,40
1981,WP,THAD,70,70,70,70
1981,WP,VANESSA,50,50,50,45
1982,EP,AKONI,45,45,45,45
1982,EP,ALETTA,55,50,50,50
1982,EP,BUD,45,45,45,45
1982,EP,CARLOTTA,50,50,50,45
1982,EP,DANIEL,100,100,100,100
1982,EP,EMA,40,40,40,40
1982,EP,EMILIA,55,55,55,50
1982,EP,FABIO,70,70,70,65
1982,EP,GILMA,110,105,100,100
1982,EP,HANA,40,35,35,35
1982,EP,HECTOR,65,65,65,65
1982,EP,IVA,35,35,35,35
1982,EP,IWA,80,80,80,75
1982,EP,JOHN,100,100,100,100
1982,EP,KRISTY,80,75,75,75
1982,EP,LANE,55,55,55,55
1982,EP,MIRIAM,75,75,75,75
1982,EP,NORMAN,90,90,90,90
1982,EP,OLIVIA,125,125,125,115
1982,EP,PAUL,95,95,95,85
1982,EP,ROSA,45,45,40,40
1982,EP,SERGIO,110,110,110,105
1982,EP,TARA,45,45,45,45
1982,NA,ALBERTO,75,65,55,50
1982,NA,BERYL,60,60,60,60
1982,NA,CHRIS,55,50,50,45
1982,NA,DEBBY,115,110,110,100
1982,NA,ERNESTO,60,55,50,50
1982,SI,AMELIA,35,35,35,35
1982,SI,BENEDICTE,72,62,62,52
1982,SI,BESSI/ARMELL,52,36,36,36
1982,SI,CLARISSEE,28,28,24,20
1982,SI,DAMIA,112,112,112,105
1982,SI,ELECTRE,44,44,36,36
1982,SI,ERROL,55,55,55,55
1982,SI,GABRIELLE,44,44,44,36
1982,SI,GRAHAM,55,55,55,50
1982,SI,HARRIET,50,50,50,50
1982,SI,HEBERTE,28,28,28,20
1982,SI,HSK1382,50,50,50,50
1982,SI,HSK1482,50,50,50,50
1982,SI,IAN,80,80,80,80
1982,SI,JUSTINE,82,72,72,52
1982,SI,KARLA,92,72,52,52
1982,SP,ABIGAIL,70,70,65,65
1982,SP,BERNIE,100,100,100,100
1982,SP,CLAUDIA,40,40,40,35
1982,SP,CORAL,35,35,35,35
1982,SP,DOMINIC,110,110,100,85
1982,SP,GYAN,100,90,80,80
1982,SP,HETTIE,70,70,70,65
1982,SP,ISAAC,95,85,80,75
1982,WP,ANDY(-)1,100,100,100,100
1982,WP,BESS,125,125,125,120
1982,WP,CECIL,110,110,100,100
1982,WP,DOT,80,80,70,70
1982,WP,ELLIS,100,100,100,100
1982,WP,FAYE,80,80,70,70
1982,WP,GORDON,90,90,90,90
1982,WP,HOPE,55,55,55,55
1982,WP,IRVING,85,80,80,80
1982,WP,JUDY,80,80,80,80
1982,WP,KEN,95,95,90,90
1982,WP,LOLA,45,45,45,45
1982,WP,MAC,120,120,110,100
1982,WP,MIMIE,50,50,45,45
1982,WP,NANCY,100,100,90,80
1982,WP,NELSON,100,100,100,100
1982,WP,ODESSA,75,70,65,65
1982,WP,OWEN,90,85,85,85
1982,WP,PAMELA,90,90,90,80
1982,WP,PAT,90,90,90,90
1982,WP,ROGER,60,60,50,50
1982,WP,RUBY,70,65,65,65
1982,WP,SKIP,45,45,40,40
1982,WP,VAL,45,45,45,45
1982,WP,WINONA,50,50,50,50
1983,EP,ADOLPH,95,95,95,95
1983,EP,BARBARA,115,115,115,115
1983,EP,COSME,35,35,35,35
1983,EP,DALILIA,60,60,60,55
1983,EP,ERICK,55,55,55,55
1983,EP,FLOSSIE,50,50,45,45
1983,EP,GIL,80,80,80,75
1983,EP,HENRIETTE,115,115,115,110
1983,EP,ISMAEL,85,80,80,75
1983,EP,JULIETTE,50,50,45,40
1983,EP,KIKO,125,125,120,115
1983,EP,LORENA,100,100,90,90
1983,EP,MANUEL,100,100,90,90
1983,EP,NARDA,60,60,55,55
1983,EP,OCTAVE,45,40,40,40
1983,EP,PRISCILLA,100,100,100,95
1983,EP,RAYMOND,125,125,120,120
1983,EP,SONIA,40,40,40,35
1983,EP,TICO,115,110,110,110
1983,EP,VELMA,35,35,35,30
1983,EP,WINNIE,80,80,75,70
1983,NA,ALICIA,100,100,95,90
1983,NA,BARRY,70,70,65,60
1983,NA,CHANTAL,65,65,65,65
1983,NA,DEAN,55,55,55,55
1983,SI,ARILISY,28,24,24,20
1983,SI,BEMANY,62,44,36,24
1983,SI,DADAFY,52,52,52,52
1983,SI,ELINAH,62,52,52,52
1983,SI,JANE,90,90,90,85
1983,SI,KEN,65,65,65,60
1983,SI,LENA,65,65,65,55
1983,SI,MONTY,65,65,65,65
1983,SI,NAOMI,80,80,80,80
1983,SP,DES,35,35,30,30
1983,SP,ELINOR,110,110,105,100
1983,SP,JOTI,60,60,55,55
1983,SP,KINA,40,35,35,30
1983,SP,LISA,60,55,55,50
1983,SP,MARK,80,70,65,65
1983,SP,NANO,65,65,60,55
1983,SP,NISHA,30,30,30,30
1983,SP,NISHA/ORAMA,100,100,90,85
1983,SP,OSCAR,110,100,95,95
1983,SP,PREMA,45,45,40,40
1983,SP,REWA,100,100,95,95
1983,SP,SABA,50,50,50,50
1983,SP,SARAH,90,80,75,70
1983,SP,TOMASI,100,95,95,80
1983,SP,VEENA,100,100,100,95
1983,SP,WILLIAM,80,80,80,70
1983,WP,ABBY,120,120,115,110
1983,WP,BEN,55,50,50,45
1983,WP,CARMEN,40,40,40,40
1983,WP,DOM,40,40,40,40
1983,WP,ELLEN,110,110,105,95
1983,WP,FORREST,110,110,110,110
1983,WP,GEORGIA,70,70,50,50
1983,WP,HERBERT,45,45,45,40
1983,WP,IDA,60,60,60,55
1983,WP,JOE,55,50,50,50
1983,WP,LEX,50,50,50,50
1983,WP,MARGE,110,110,110,110
1983,WP,NORRIS,45,45,45,40
1983,WP,ORCHID,110,110,100,100
1983,WP,PERCY,70,70,70,70
1983,WP,SPERRY,45,45,45,45
1983,WP,TD1121,50,50,50,45
1983,WP,THELMA,55,55,45,45
1983,WP,TIP,65,65,60,60
1983,WP,VERA,75,75,70,70
1983,WP,WAYNE,110,110,110,100
1984,EP,ALMA,50,50,50,50
1984,EP,BORIS,65,60,60,55
1984,EP,CRISTINA,90,90,85,80
1984,EP,DOUGLAS,125,120,120,115
1984,EP,ELIDA,115,110,110,105
1984,EP,FAUSTO,95,95,95,90
1984,EP,GENEVIEVE,100,100,90,90
1984,EP,HERNAN,45,35,35,35
1984,EP,ISELLE,115,115,110,100
1984,EP,JULIO,55,50,50,50
1984,EP,KELI,100,90,90,85
1984,EP,KENNA,50,45,45,45
1984,EP,LALA,45,40,40,40
1984,EP,LOWELL,75,70,65,65
1984,EP,MARIE,80,80,75,75
1984,EP,MOKE,45,45,45,35
1984,EP,NORBERT,115,115,115,115
1984,EP,ODILE,90,85,80,80
1984,EP,POLO,100,100,100,100
1984,EP,RACHEL,55,55,55,55
1984,EP,SIMON,55,55,55,55
1984,NA,ARTHUR,45,45,40,35
1984,NA,BERTHA,35,35,35,35
1984,NA,CESAR,50,50,45,45
1984,NA,DIANA,115,110,100,95
1984,NA,EDOUARD,55,45,40,35
1984,NA,FRAN,55,55,55,55
1984,NA,GUSTAV,45,45,45,30
1984,NA,HORTENSE,65,65,60,60
1984,NA,ISIDORE,50,50,50,45
1984,NA,JOSEPHINE,90,90,90,90
1984,NA,KLAUS,80,80,80,80
1984,NA,LILI,70,70,70,70
1984,SI,ANDRY,92,92,92,92
1984,SI,BAKOLY,92,92,62,62
1984,SI,BOBBY,95,95,90,90
1984,SI,CABOTO,36,36,36,36
1984,SI,CHLOE,90,90,90,90
1984,SI,DARYL,90,90,90,85
1984,SI,DOMOINA,52,52,52,52
1984,SI,EDOARA,36,36,36,36
1984,SI,FERDINAND,60,60,55,50
1984,SI,GALY,36,36,36,36
1984,SI,HAJA,52,52,44,44
1984,SI,IMBOA,52,44,44,44
1984,SI,JAMINY,92,92,92,92
1984,SI,KAMISY,92,92,92,82
1984,SI,OSCAR,75,70,70,70
1984,SI,QUENTON,90,90,90,90
1984,SI,TIM,55,55,55,55
1984,SI,VIVIENNE/FAN,65,55,55,55
1984,SI,WILLY,80,80,80,75
1984,SP,ATU,45,45,40,35
1984,SP,BETI,65,65,60,50
1984,SP,CYRIL,45,45,40,40
1984,SP,FRITZ,45,40,40,35
1984,SP,GRACE,70,70,70,65
1984,SP,HARVEY,60,60,60,60
1984,SP,INGRID,65,65,65,60
1984,SP,JIM,70,65,60,60
1984,SP,KATHY,120,120,120,120
1984,SP,LANCE,60,50,50,45
1984,WP,AGNES,105,100,100,100
1984,WP,ALEX(-)1,80,80,70,65
1984,WP,BETTY,50,50,45,45
1984,WP,BILL,100,100,100,100
1984,WP,CARY,80,80,70,70
1984,WP,CLARA,90,90,90,90
1984,WP,DINAH,100,100,90,90
1984,WP,DOYLE,100,90,90,90
1984,WP,ED,80,80,70,70
1984,WP,FREDA,50,50,50,50
1984,WP,GERALD,55,55,50,50
1984,WP,HOLLY,70,70,70,70
1984,WP,IKE,90,90,90,90
1984,WP,JUNE,65,50,50,50
1984,WP,KELLY,70,70,70,70
1984,WP,MAURY,50,50,50,50
1984,WP,NINA,45,45,45,45
1984,WP,OGDEN,65,65,60,60
1984,WP,PHYLLIS,65,60,60,60
1984,WP,ROY,40,40,40,40
1984,WP,THAD,90,90,90,90
1984,WP,VANESSA,120,120,120,120
1984,WP,VERNON,40,40,40,35
1984,WP,WARREN,60,60,60,60
1984,WP,WYNNE,55,55,55,55
1985,EP,ANDRES,60,55,50,50
1985,EP,BLANCA,105,100,100,100
1985,EP,CARLOS,35,30,30,30
1985,EP,DOLORES,100,100,90,90
1985,EP,ENRIQUE,35,35,35,35
1985,EP,FEFA,60,60,60,50
1985,EP,GUILLERMO,50,45,45,40
1985,EP,HILDA,35,35,35,35
1985,EP,IGNACIO,115,115,115,115
1985,EP,JIMENA,115,115,105,100
1985,EP,KEVIN,55,55,55,55
1985,EP,LINDA,45,45,45,40
1985,EP,MARTY,65,65,65,60
1985,EP,NELE,80,80,80,75
1985,EP,NORA,40,35,35,35
1985,EP,OLAF,75,75,75,70
1985,EP,PAULINE,75,75,75,75
1985,EP,RICK,125,125,125,125
1985,EP,SANDRA,110,110,100,95
1985,EP,TERRY,100,100,95,95
1985,EP,VIVIAN,35,35,35,35
1985,EP,WALDO,90,80,75,65
1985,EP,XINA,100,90,90,90
1985,NA,ANA,60,55,55,50
1985,NA,BOB,65,65,65,60
1985,NA,CLAUDETTE,75,75,70,70
1985,NA,DANNY,80,80,75,70
1985,NA,ELENA,110,110,105,105
1985,NA,FABIAN,55,55,55,55
1985,NA,GLORIA,125,120,115,105
1985,NA,HENRI,50,45,40,35
1985,NA,ISABEL,60,60,60,60
1985,NA,JUAN,75,75,75,70
1985,NA,KATE,105,105,105,100
1985,SI,ANETY,36,36,36,36
1985,SI,BOBALAHY,44,44,44,44
1985,SI,CELESTINA,52,44,44,44
1985,SI,DITRA,62,62,52,52
1985,SI,EMMA,65,65,65,65
1985,SI,ESITERA,44,44,44,36
1985,SI,FELISKA,52,44,44,44
1985,SI,FRANK,85,85,85,80
1985,SI,GERIMENA,44,44,44,36
1985,SI,GERTIE,60,60,60,60
1985,SI,GRETEL,50,50,50,50
1985,SI,HELISAONINA,82,82,72,72
1985,SI,HUBERT,80,80,80,80
1985,SI,ISOBEL,75,70,70,65
1985,SI,JACOB,75,75,70,70
1985,SI,KIRSTY,110,110,110,110
1985,SI,LINDSAY,80,80,80,80
1985,SI,MARGOT,85,85,80,80
1985,SP,DRENA,45,45,40,40
1985,SP,ERIC,80,75,70,65
1985,SP,FREDA,80,75,70,65
1985,SP,GAVIN,50,50,50,50
1985,SP,HINA,120,110,110,95
1985,SP,HSK0785,45,40,35,30
1985,SP,MONICA,55,55,55,50
1985,SP,NIGEL,80,75,70,65
1985,SP,ODETTE,100,100,95,95
1985,SP,PIERRE,50,50,45,45
1985,SP,REBECCA,40,40,40,30
1985,SP,SANDY,105,105,100,95
1985,SP,TANYA,55,55,55,55
1985,WP,ANDY,55,55,55,55
1985,WP,BRENDAN,85,85,85,85
1985,WP,CECIL,80,80,80,80
1985,WP,DOT,120,120,120,120
1985,WP,ELLIS,50,50,50,50
1985,WP,ELSIE,35,35,35,35
1985,WP,FABIAN(1),50,50,50,50
1985,WP,FAYE,75,75,75,75
1985,WP,GAY,80,80,80,80
1985,WP,GORDON,40,40,40,40
1985,WP,HAL,80,80,80,75
1985,WP,HOPE,90,90,90,85
1985,WP,IRMA,80,75,75,75
1985,WP,IRVING,50,50,50,50
1985,WP,JEFF,70,70,70,65
1985,WP,KIT,75,70,70,70
1985,WP,LEE,60,60,60,60
1985,WP,MIMIE,65,65,60,60
1985,WP,NELSON,80,80,75,75
1985,WP,ODESSA,80,80,80,80
1985,WP,PAT,75,70,70,65
1985,WP,RUBY,55,55,50,50
1985,WP,TD0617,35,35,35,35
1985,WP,TESS,70,70,70,65
1985,WP,TWO-C / TROPICAL STORM SKIP,75,75,70,65
1985,WP,VAL,45,45,45,45
1985,WP,WINONA,45,45,45,45
1986,EP,AGATHA,65,65,65,55
1986,EP,BLAS,35,35,30,30
1986,EP,CELIA,75,70,70,70
1986,EP,DARBY,35,35,35,30
1986,EP,ESTELLE,115,115,115,115
1986,EP,FRANK,75,75,75,65
1986,EP,HOWARD,35,35,35,35
1986,EP,ISIS,45,45,45,45
1986,EP,JAVIER,115,115,110,110
1986,EP,KAY,40,40,40,35
1986,EP,LESTER,45,45,40,40
1986,EP,MADELINE,60,60,60,60
1986,EP,NEWTON,75,70,65,65
1986,EP,ORLENE,70,70,70,70
1986,EP,PAINE,85,80,80,80
1986,EP,ROSLYN,125,125,125,120
1986,NA,ANDREW,45,45,45,45
1986,NA,BONNIE,75,75,70,65
1986,NA,CHARLEY,70,65,65,65
1986,NA,DANIELLE,50,50,50,45
1986,NA,EARL,90,90,90,90
1986,NA,FRANCES,75,75,70,65
1986,SI,ALIFREDY,36,36,36,36
1986,SI,BEROBIA,44,44,44,44
1986,SI,COSTA,52,52,52,52
1986,SI,DELIFINA,52,52,52,52
1986,SI,ERINESTA,92,92,92,92
1986,SI,FILOMENA,36,36,36,36
1986,SI,GISTA,52,52,52,52
1986,SI,HECTOR,40,40,40,35
1986,SI,HONORININA,82,82,72,72
1986,SI,IARIMA,36,36,36,36
1986,SI,JEFOTRA,72,72,72,72
1986,SI,KRISOSTOMA,60,55,50,50
1986,SI,LILA,90,90,90,85
1986,SI,NICHOLAS,85,85,85,80
1986,SI,OPHELIA,45,40,40,40
1986,SI,PANCHO,55,55,55,55
1986,SI,RHONDA,65,65,65,65
1986,SI,SELWYN,60,60,60,50
1986,SI,TIFFANY,50,50,50,50
1986,SI,VICTOR,100,100,90,90
1986,SP,ALFRED,40,40,40,40
1986,SP,IMA,90,90,90,90
1986,SP,JUNE,55,55,55,55
1986,SP,KELI,45,45,45,40
1986,SP,LUSI,40,40,40,40
1986,SP,MANU,70,70,65,65
1986,SP,MARTIN,65,65,60,55
1986,SP,NAMU,80,80,70,70
1986,SP,VERNON,45,40,40,40
1986,SP,WINIFRED,85,80,70,65
1986,WP,ABBY,85,85,80,80
1986,WP,BEN,100,95,95,95
1986,WP,CARMEN,85,85,85,80
1986,WP,DOM,40,40,40,40
1986,WP,ELLEN,70,70,70,70
1986,WP,FORREST,90,85,85,85
1986,WP,GEORGETTE,60,60,60,60
1986,WP,GEORGIA,45,45,45,45
1986,WP,HERBERT,60,60,60,55
1986,WP,IDA,50,50,50,50
1986,WP,JOE,85,85,85,80
1986,WP,JUDY,70,70,70,65
1986,WP,KEN,65,65,65,65
1986,WP,KIM,110,110,110,105
1986,WP,LEX,50,50,45,40
1986,WP,LOLA,120,120,120,120
1986,WP,MAC,40,40,40,40
1986,WP,MARGE,85,85,80,80
1986,WP,NANCY,70,70,60,60
1986,WP,NORRIS,85,85,85,80
1986,WP,OWEN,45,45,45,40
1986,WP,PEGGY,110,110,100,95
1986,WP,ROGER,75,75,65,65
1986,WP,SARAH(2),55,55,55,55
1986,WP,TIP,70,70,70,70
1986,WP,VERA,90,90,90,90
1986,WP,WAYNE,75,75,75,75
1987,EP,ADRIAN,40,35,35,35
1987,EP,BEATRIZ,45,45,40,40
1987,EP,CALVIN,55,55,50,45
1987,EP,DORA,50,50,45,45
1987,EP,EUGENE,85,80,80,75
1987,EP,FERNANDA,55,55,55,55
1987,EP,GREG,70,70,65,65
1987,EP,HILARY,105,105,105,100
1987,EP,IRWIN,55,55,55,55
1987,EP,JOVA,90,90,80,75
1987,EP,KNUT,35,35,35,35
1987,EP,LIDIA,75,75,70,65
1987,EP,MAX,135,135,135,135
1987,EP,NORMA,65,65,60,55
1987,EP,OKA,50,50,50,50
1987,EP,OTIS,100,100,100,100
1987,EP,PEKE,90,90,90,90
1987,EP,PILAR,35,30,30,30
1987,EP,RAMON,120,120,120,120
1987,EP,SELMA,35,35,35,35
1987,NA,ARLENE,65,65,65,65
1987,NA,BRET,45,45,45,40
1987,NA,CINDY,45,45,45,40
1987,NA,DENNIS,45,45,45,40
1987,NA,EMILY,110,105,95,90
1987,NA,FLOYD,65,65,65,60
1987,SI,ALININA,52,52,44,44
1987,SI,BEMAZAVA,36,36,36,36
1987,SI,CLOTILDA,60,60,60,52
1987,SI,CONNIE,85,85,85,80
1987,SI,DAMIEN,50,50,50,50
1987,SI,DAODO,72,72,72,72
1987,SI,ELIZABETA,52,52,44,44
1987,SI,ELSIE,100,100,90,90
1987,SI,KAY,60,60,60,60
1987,SP,BLANCH(E),45,45,45,45
1987,SP,IRMA,60,60,50,50
1987,SP,JASON,75,70,70,65
1987,SP,NONAME,50,50,50,50
1987,SP,OSEA,55,50,50,45
1987,SP,PATSY,60,60,60,60
1987,SP,RAJA,80,80,80,80
1987,SP,SALLY,80,80,80,80
1987,SP,TUSI,80,80,80,75
1987,SP,VELI,90,90,85,80
1987,SP,WINI,70,70,70,70
1987,SP,YALI,65,65,60,55
1987,SP,ZUMAN,60,60,60,55
1987,WP,ALEX,65,65,65,60
1987,WP,BETTY,110,110,105,100
1987,WP,CARY,75,70,70,70
1987,WP,DINAH,100,100,100,100
1987,WP,FREDA,105,105,105,100
1987,WP,GERALD,80,80,75,75
1987,WP,HOLLY,110,110,110,110
1987,WP,IAN,75,75,75,75
1987,WP,JUNE,45,45,45,45
1987,WP,KELLY,75,75,75,75
1987,WP,LYNN,105,100,100,100
1987,WP,MAURY(2),45,45,45,40
1987,WP,NINA,90,90,90,90
1987,WP,ORCHID,90,90,80,75
1987,WP,PHYLLIS,75,75,70,70
1987,WP,RUTH,45,45,45,35
1987,WP,SPERRY,65,65,65,65
1987,WP,THELMA,100,100,100,100
1987,WP,VERNON,60,60,60,55
1987,WP,WYNNE,100,100,100,100
1988,EP,ALETTA,60,60,60,60
1988,EP,BUD,45,40,40,40
1988,EP,CARLOTTA,65,65,65,65
1988,EP,DANIEL,55,55,50,50
1988,EP,DEBBY,30,30,30,30
1988,EP,EMILIA,60,60,55,55
1988,EP,FABIO,120,115,110,105
1988,EP,GILMA,45,45,40,40
1988,EP,HECTOR,125,125,120,120
1988,EP,IVA,90,90,90,90
1988,EP,JOHN,35,35,35,30
1988,EP,KRISTY,80,80,75,75
1988,EP,LANE,90,90,85,85
1988,EP,MIRIAM,60,60,55,55
1988,EP,ULEKI,110,105,105,105
1988,EP,WILA,35,35,35,25
1988,NA,ALBERTO,35,35,35,35
1988,NA,BERYL,45,45,45,40
1988,NA,CHRIS,45,40,40,35
1988,NA,DEBBY,65,65,50,50
1988,NA,ERNESTO,55,50,50,45
1988,NA,FLORENCE,70,70,70,65
1988,NA,GILBERT,160,155,145,140
1988,NA,HELENE,125,120,120,120
1988,NA,ISAAC,40,35,35,30
1988,NA,KEITH,65,65,65,65
1988,NA,MIRIAM,125,125,120,120
1988,SI,ARINY,36,28,28,28
1988,SI,BENANDRO,36,36,36,36
1988,SI,CALIDERA,36,36,36,36
1988,SI,CALIDERO,62,62,62,62
1988,SI,DOAZA,72,72,72,72
1988,SI,FILAO,72,72,72,72
1988,SI,FREDERIC,85,80,80,70
1988,SI,GASITAO,92,82,82,82
1988,SI,GWENDA/EZENI,100,95,90,85
1988,SI,HELY,52,44,44,44
1988,SI,HERBIE,50,50,45,45
1988,SI,IARISENA,36,36,36,36
1988,SP,AGI,60,60,55,55
1988,SP,ANNE,100,95,95,90
1988,SP,BOLA,90,90,90,90
1988,SP,CHARLIE,80,80,80,70
1988,SP,CILLA,65,65,60,60
1988,SP,DOVI,60,60,60,60
1988,WP,AGNES,50,50,50,45
1988,WP,BILL,45,45,45,45
1988,WP,CLARA,40,40,40,40
1988,WP,DOYLE,90,90,90,90
1988,WP,ELSIE(2),45,45,45,45
1988,WP,FABIAN,60,60,60,60
1988,WP,GAY,40,40,40,40
1988,WP,HAL,85,85,85,80
1988,WP,IRMA,55,50,45,45
1988,WP,JEFF,45,45,45,45
1988,WP,KIT,55,55,55,50
1988,WP,LEE,50,45,45,45
1988,WP,MIMIE,45,45,45,45
1988,WP,NELSON,100,100,100,100
1988,WP,ODESSA,70,70,70,70
1988,WP,PAT,60,60,55,55
1988,WP,ROY,85,85,85,85
1988,WP,RUBY,75,75,75,75
1988,WP,SKIP,80,80,75,75
1988,WP,SUSAN,65,65,65,60
1988,WP,TESS,60,55,55,55
1988,WP,THAD,70,70,70,70
1988,WP,TS1007,45,45,45,40
1988,WP,VAL,45,45,45,40
1988,WP,VANESSA,55,55,55,55
1988,WP,WARREN,90,90,90,85
1989,EP,ADOLPH,55,55,50,50
1989,EP,BARBARA,70,70,65,65
1989,EP,COSME,75,70,70,65
1989,EP,DALILIA,80,80,75,75
1989,EP,ERICK,35,35,35,30
1989,EP,FLOSSIE,35,35,35,35
1989,EP,GIL,75,75,75,70
1989,EP,HENRIETTE,45,45,45,40
1989,EP,ISMAEL,105,100,100,95
1989,EP,JULIETTE,55,55,50,50
1989,EP,KIKO,105,100,100,85
1989,EP,LORENA,65,65,60,60
1989,EP,MANUEL,40,40,40,35
1989,EP,NARDA,45,45,45,45
1989,EP,OCTAVE,115,110,110,105
1989,EP,PRISCILLA,55,55,50,50
1989,EP,RAYMOND,125,125,120,115
1989,NA,ALLISON,45,45,40,40
1989,NA,BARRY,45,45,45,40
1989,NA,CHANTAL,70,70,70,65
1989,NA,DEAN,90,90,85,85
1989,NA,ERIN,90,90,90,90
1989,NA,FELIX,75,75,75,70
1989,NA,GABRIELLE,125,125,125,125
1989,NA,HUGO,140,135,130,130
1989,NA,IRIS,60,60,55,50
1989,NA,JERRY,75,75,70,65
1989,NA,KAREN,50,50,45,45
1989,SI,ADELININA,36,36,36,36
1989,SI,CALASANJY,72,72,72,62
1989,SI,DONA,28,28,28,28
1989,SI,EDME,52,44,36,36
1989,SI,FIRINGA,72,72,62,62
1989,SI,GIZELA,52,52,52,52
1989,SI,IANA,44,36,36,36
1989,SI,ILONA,80,80,80,80
1989,SI,JINARO,62,62,62,52
1989,SI,JOHN,40,40,40,40
1989,SI,KIRRILY,80,80,75,70
1989,SI,KRISY,82,82,72,72
1989,SI,LEON/HANITRA,72,72,72,72
1989,SI,LEZISSY,44,44,44,44
1989,SI,MARCIA,35,35,35,35
1989,SI,NED,100,100,100,95
1989,SI,ORSON,130,130,130,130
1989,SP,AIVU,110,110,105,95
1989,SP,DELILAH,60,60,60,60
1989,SP,ERNIE,45,45,40,40
1989,SP,ESETA,55,50,50,50
1989,SP,FILI,50,50,50,50
1989,SP,GINA,45,45,45,40
1989,SP,HARRY,110,110,100,100
1989,SP,HINANO,65,65,65,65
1989,SP,IVY,75,75,75,70
1989,SP,JUDY,70,65,60,60
1989,SP,KERRY,50,50,50,50
1989,SP,LILI,80,80,80,80
1989,SP,MEENA,50,40,40,40
1989,WP,ANDY,100,100,100,100
1989,WP,ANGELA,95,95,95,95
1989,WP,BRENDA,65,60,60,55
1989,WP,BRIAN,65,60,60,55
1989,WP,CECIL,60,60,60,55
1989,WP,COLLEN,80,80,80,80
1989,WP,DAN,75,75,70,70
1989,WP,DOT,80,80,80,75
1989,WP,ELLIS,50,45,40,40
1989,WP,ELSIE,100,100,100,95
1989,WP,FAYE,55,50,50,45
1989,WP,FORREST,85,85,85,85
1989,WP,GAY,65,60,55,45
1989,WP,GORDON,100,100,95,95
1989,WP,HOPE,45,45,45,45
1989,WP,HUNT,75,75,75,75
1989,WP,IRMA,95,95,95,90
1989,WP,IRVING,55,55,55,50
1989,WP,JACK,95,95,90,90
1989,WP,JUDY,85,85,85,85
1989,WP,KEN/LOLA,55,55,50,50
1989,WP,MAC,80,80,80,80
1989,WP,NANCY,70,70,70,70
1989,WP,OWEN,75,75,75,75
1989,WP,PEGGY,35,35,35,35
1989,WP,ROGER,55,55,55,55
1989,WP,SARAH(-)1,80,80,75,75
1989,WP,TIP,50,50,50,50
1989,WP,TS0826,35,35,35,35
1989,WP,VERA,55,55,50,50
1989,WP,WAYNE,70,65,60,60
1989,WP,WINONA,35,35,35,35
1990,EP,AKA,55,55,50,50
1990,EP,ALMA,75,70,70,65
1990,EP,BORIS,80,80,75,75
1990,EP,CRISTINA,55,55,55,50
1990,EP,DOUGLAS,55,55,55,55
1990,EP,ELIDA,70,70,70,70
1990,EP,FAUSTO,75,75,75,75
1990,EP,GENEVIEVE,90,85,85,85
1990,EP,HERNAN,135,135,130,130
1990,EP,ISELLE,105,105,105,100
1990,EP,JULIO,100,100,100,100
1990,EP,KENNA,75,75,70,70
1990,EP,LOWELL,65,65,65,65
1990,EP,MARIE,120,120,120,115
1990,EP,NORBERT,70,65,65,65
1990,EP,ODILE,125,125,125,125
1990,EP,POLO,65,65,55,50
1990,EP,RACHEL,55,55,55,50
1990,EP,SIMON,60,60,60,60
1990,EP,TRUDY,135,130,130,125
1990,EP,VANCE,85,85,85,85
1990,NA,ARTHUR,60,60,50,50
1990,NA,BERTHA,70,70,65,65
1990,NA,CESAR,45,45,45,45
1990,NA,DIANA,85,85,75,65
1990,NA,EDOUARD,40,40,40,35
1990,NA,FRAN,35,35,35,35
1990,NA,GUSTAV,105,100,100,100
1990,NA,HORTENSE,55,55,55,55
1990,NA,ISIDORE,85,80,80,80
1990,NA,JOSEPHINE,75,70,70,70
1990,NA,KLAUS,70,70,65,60
1990,NA,LILI,65,65,65,65
1990,NA,MARCO,55,50,50,45
1990,NA,NANA,75,75,75,70
1990,SI,ALEX,120,120,115,110
1990,SI,ALIBERA,72,72,72,72
1990,SI,BESSI,40,40,40,40
1990,SI,CEZERA,52,52,52,52
1990,SI,DETY,72,72,72,72
1990,SI,EDISOANA,72,72,72,72
1990,SI,FELANA,36,36,36,36
1990,SI,HANTA,36,36,36,36
1990,SI,IKONJO,52,52,52,44
1990,SI,PEDRO,60,60,55,55
1990,SI,ROSITA,45,45,45,40
1990,SI,SAM,70,70,70,70
1990,SI,TINA,50,50,50,50
1990,SI,VINCENT,70,70,70,65
1990,SI,WALTER,92,82,82,72
1990,SP,FELICITY,75,65,65,60
1990,SP,GREG,40,40,35,35
1990,SP,HILDA,60,60,50,50
1990,SP,IVOR,90,80,75,75
1990,SP,NANCY,60,55,50,50
1990,SP,OFA,100,100,100,100
1990,SP,PENI,65,65,65,65
1990,SP,RAE,50,50,50,45
1990,WP,ABE,75,75,75,75
1990,WP,BECKY,70,70,70,70
1990,WP,DOT(-)1,75,75,75,70
1990,WP,ED,70,70,70,70
1990,WP,FLO,120,120,115,115
1990,WP,GENE,80,80,75,75
1990,WP,HATTIE,80,80,80,80
1990,WP,IRA,35,35,35,35
1990,WP,KORYN,55,55,55,55
1990,WP,KYLE,75,75,75,75
1990,WP,LEWIS,35,35,35,35
1990,WP,LOLA,35,35,35,35
1990,WP,MARIAN,70,70,70,65
1990,WP,MIKE,100,100,100,100
1990,WP,NATHAN,55,55,55,50
1990,WP,NELL,50,50,40,40
1990,WP,OFELIA,65,65,60,60
1990,WP,OWEN,95,95,90,90
1990,WP,PAGE,105,105,105,100
1990,WP,PERCY,80,80,80,80
1990,WP,ROBYN,45,45,45,45
1990,WP,RUSS,100,100,95,95
1990,WP,STEVE,85,85,85,85
1990,WP,TASHA,55,55,55,55
1990,WP,VERNON,75,75,75,70
1990,WP,WINONA,60,60,55,55
1990,WP,YANCY,80,80,75,70
1990,WP,ZOLA,75,75,70,70
1991,EP,ANDRES,55,55,55,55
1991,EP,BLANCA,55,50,50,45
1991,EP,CARLOS,105,100,100,100
1991,EP,DELORES,75,75,75,70
1991,EP,ENRIQUE,65,60,60,55
1991,EP,FEFA,105,105,100,95
1991,EP,GUILLERMO,70,70,70,70
1991,EP,HILDA,55,55,50,50
1991,EP,IGNACIO,55,55,50,50
1991,EP,JIMENA,115,115,115,115
1991,EP,KEVIN,125,120,120,120
1991,EP,LINDA,105,100,100,95
1991,EP,MARTY,70,70,70,65
1991,EP,NORA,90,90,90,85
1991,NA,ANA,45,45,45,45
1991,NA,BOB,100,95,95,90
1991,NA,CLAUDETTE,115,115,110,105
1991,NA,DANNY,45,45,45,45
1991,NA,ERIKA,50,50,50,50
1991,NA,FABIAN,40,40,40,40
1991,NA,GRACE,90,85,75,75
1991,SI,ALISON,20,20,20,20
1991,SI,BELLA,85,85,82,82
1991,SI,CHRIS,60,55,55,55
1991,SI,CYNTHIA,67,53,53,41
1991,SI,DAPHNE,60,60,60,55
1991,SI,DEBRA,62,62,62,56
1991,SI,ELMA,70,70,65,65
1991,SI,ERROL,90,90,90,85
1991,SI,FATIMA,72,72,72,62
1991,SI,FIFI,60,60,60,60
1991,SI,G19091,28,28,24,24
1991,SI,GRITELLE,44,44,44,41
1991,SI,HSK0491,28,28,28,28
1991,SI,LAURENCE,35,35,35,35
1991,SI,MARIAN,100,100,100,95
1991,SP,JOY,90,90,90,90
1991,SP,KELVIN,60,60,55,55
1991,SP,LISA,60,60,60,60
1991,SP,SINA,75,75,75,75
1991,WP,AMY,95,90,90,85
1991,WP,BRENDAN,60,60,60,60
1991,WP,CAITLIN,80,80,80,80
1991,WP,ELLIE,70,70,70,70
1991,WP,FRED,75,75,75,70
1991,WP,GLADYS,60,60,60,60
1991,WP,HARRY,40,40,40,40
1991,WP,IVY,95,95,95,95
1991,WP,JOEL,45,45,45,45
1991,WP,KINNA,80,80,80,80
1991,WP,LUKE,55,55,55,55
1991,WP,MIREILLE,100,100,100,100
1991,WP,NAT,80,80,80,80
1991,WP,ORCHID,95,95,95,95
1991,WP,PAT,95,95,95,95
1991,WP,RUTH,115,115,115,115
1991,WP,SETH,100,100,100,100
1991,WP,SHARON,50,50,50,50
1991,WP,TD0827,35,35,35,35
1991,WP,THELMA,40,40,40,40
1991,WP,TIM,65,65,65,65
1991,WP,VANESSA,45,45,40,40
1991,WP,VERNE,55,55,55,55
1991,WP,WALT,100,100,100,100
1991,WP,WILDA,45,45,40,40
1991,WP,YUNYA,80,80,75,75
1991,WP,YURI,120,120,115,115
1991,WP,ZEKE,65,65,65,60
1991,WP,ZELDA,60,60,60,60
1992,EP,AGATHA,60,60,60,60
1992,EP,BLAS,35,35,35,30
1992,EP,CELIA,125,125,125,120
1992,EP,DARBY,105,100,100,95
1992,EP,EKEKA,100,100,90,90
1992,EP,ESTELLE,120,115,115,115
1992,EP,FRANK,125,125,120,120
1992,EP,GEORGETTE,95,95,95,95
1992,EP,HALI,45,40,40,35
1992,EP,HOWARD,55,55,55,50
1992,EP,INIKI,125,120,115,115
1992,EP,ISIS,55,55,55,55
1992,EP,JAVIER,70,70,65,65
1992,EP,KAY,45,45,45,45
1992,EP,LESTER,70,70,65,65
1992,EP,MADELINE,45,45,45,40
1992,EP,NEWTON,45,45,45,45
1992,EP,ORLENE,125,125,125,125
1992,EP,PAINE,65,65,65,65
1992,EP,ROSLYN,85,80,75,75
1992,EP,SEYMOUR,75,70,70,70
1992,EP,TINA,130,130,130,130
1992,EP,VIRGIL,115,110,100,100
1992,EP,WINIFRED,100,95,95,90
1992,EP,XAVIER,40,35,35,30
1992,EP,YOLANDA,55,55,55,55
1992,EP,ZEKE,45,40,40,35
1992,NA,ANDREW,150,145,145,145
1992,NA,BONNIE,95,95,95,90
1992,NA,CHARLEY,95,95,90,90
1992,NA,DANIELLE,55,55,55,45
1992,NA,EARL,55,55,50,50
1992,NA,FRANCES,75,75,70,70
1992,NI,FORREST,102,102,102,102
1992,SI,A39192,28,28,28,28
1992,SI,ALEXANDRA,56,52,52,52
1992,SI,BRYNA,39,36,36,36
1992,SI,CELESTA,43,43,41,36
1992,SI,DAVILIA,39,39,36,36
1992,SI,ELIZABETHA,35,35,35,29
1992,SI,FARIDA,82,82,82,77
1992,SI,GERDA,35,35,35,31
1992,SI,GRAHAM,110,110,110,110
1992,SI,H19192,31,31,31,31
1992,SI,HEATHER,105,105,105,100
1992,SI,HSK0292,28,28,28,28
1992,SI,HSK0491,36,36,36,33
1992,SI,IAN,105,105,100,100
1992,SI,JANE/IRNA,110,110,110,110
1992,SI,NEVILLE,110,105,100,100
1992,SP,ARTHUR,50,50,50,50
1992,SP,BETSY,90,90,90,90
1992,SP,CLIFF,55,55,55,55
1992,SP,DAMAN,70,70,70,70
1992,SP,ESAU,100,100,95,95
1992,SP,FRAN,110,110,110,100
1992,SP,GENE,50,50,50,50
1992,SP,HETTIE,45,45,45,45
1992,SP,INNIS,50,50,50,50
1992,SP,MARK,55,50,50,50
1992,SP,TIA,75,75,75,70
1992,SP,VAL,90,90,90,90
1992,SP,WASA,90,90,90,90
1992,WP,ANGELA,65,65,65,65
1992,WP,AXEL,55,55,50,50
1992,WP,BOBBIE,90,90,90,90
1992,WP,BRIAN,80,80,80,75
1992,WP,CHUCK,70,70,65,65
1992,WP,COLLEEN,55,55,55,55
1992,WP,DAN,90,90,85,85
1992,WP,ELI,70,60,60,60
1992,WP,ELSIE,100,100,100,100
1992,WP,FAYE,35,35,35,35
1992,WP,FORREST,45,45,45,45
1992,WP,GARY,55,55,50,50
1992,WP,GAY,110,110,110,105
1992,WP,HELEN,40,40,35,35
1992,WP,HUNT,90,90,90,90
1992,WP,IRVING,55,55,55,55
1992,WP,JANIS,95,95,90,90
1992,WP,KENT,95,95,95,90
1992,WP,LOIS,35,35,35,35
1992,WP,MARK,45,45,45,45
1992,WP,NINA,35,35,35,35
1992,WP,OMAR,100,100,100,100
1992,WP,POLLY(3),55,55,55,55
1992,WP,RYAN,85,85,85,85
1992,WP,SIBYL,85,85,85,85
1992,WP,TED,50,50,50,50
1992,WP,VAL,45,45,45,45
1992,WP,WARD,85,85,80,80
1992,WP,YVETTE,100,100,100,100
1992,WP,ZACK,40,40,40,35
1993,EP,ADRIAN,75,75,70,70
1993,EP,BEATRIZ,55,50,45,40
1993,EP,CALVIN,95,90,90,90
1993,EP,DORA,115,115,115,115
1993,EP,EUGENE,110,110,105,105
1993,EP,FERNANDA,125,125,125,120
1993,EP,GREG,115,115,115,115
1993,EP,HILARY,105,105,100,100
1993,EP,IRWIN,60,55,45,35
1993,EP,JOVA,115,115,110,100
1993,EP,KENNETH,130,125,125,125
1993,EP,KEONI,115,115,115,115
1993,EP,LIDIA,130,125,115,115
1993,EP,MAX,40,40,35,35
1993,EP,NORMA,45,45,40,40
1993,NA,ARLENE,35,35,35,35
1993,NA,BRET,50,50,50,50
1993,NA,CINDY,40,35,35,35
1993,NA,DENNIS,45,45,45,45
1993,NA,EMILY,100,100,100,100
1993,NA,FLOYD,70,70,70,65
1993,NA,HARVEY,65,60,55,50
1993,SI,AVIONA,40,40,40,37
1993,SI,BABIE,37,37,37,37
1993,SI,C39293,37,33,33,30
1993,SI,COLINA,72,72,72,72
1993,SI,DESSILIA,50,43,40,37
1993,SI,EDWINA,93,93,93,93
1993,SI,FINELLA,44,44,39,37
1993,SI,GRACIA,37,30,27,23
1993,SI,H19293,30,28,27,27
1993,SI,HSK0493,28,28,27,27
1993,SI,HUTELLE,27,27,23,23
1993,SI,IONIA,34,34,34,33
1993,SI,JOURDANNE,90,90,83,83
1993,SI,KEN,40,40,40,40
1993,SI,KONITA,70,70,63,63
1993,SI,LENA,55,55,55,55
1993,SI,MONTY,60,60,55,55
1993,SP,ADEL,65,60,55,50
1993,SP,JONI,50,45,40,40
1993,SP,MICK,40,35,30,30
1993,SP,NINA,80,80,80,75
1993,SP,NISHA,55,50,45,40
1993,SP,OLI,40,40,35,35
1993,SP,OLIVER,100,100,100,100
1993,SP,POLLY,85,80,80,80
1993,SP,PREMA,60,55,40,35
1993,SP,ROGER,60,60,55,50
1993,WP,ABE,85,85,80,80
1993,WP,BECKY,55,55,50,50
1993,WP,CECIL,80,80,80,80
1993,WP,DOT,70,70,65,60
1993,WP,ED,100,100,100,100
1993,WP,FLO,65,65,60,60
1993,WP,GENE,35,35,35,35
1993,WP,HATTIE,50,50,45,45
1993,WP,IRA,80,80,80,80
1993,WP,IRMA,50,50,50,50
1993,WP,JEANA,45,45,45,45
1993,WP,KORYN,105,105,105,105
1993,WP,KYLE,70,70,65,65
1993,WP,LEWIS,60,60,55,55
1993,WP,LOLA,80,75,75,75
1993,WP,MANNY,75,75,75,65
1993,WP,NATHAN,55,55,55,55
1993,WP,NELL,60,60,60,60
1993,WP,OFELIA,45,45,45,45
1993,WP,PERCY,60,60,60,60
1993,WP,ROBYN,85,85,85,85
1993,WP,STEVE,55,55,55,55
1993,WP,TASHA,65,65,65,60
1993,WP,VERNON,70,70,70,70
1993,WP,WINONA,40,40,40,40
1993,WP,YANCY,95,95,95,95
1993,WP,ZOLA,50,50,50,50
1994,EP,ALETTA,45,45,45,40
1994,EP,BUD,40,40,35,35
1994,EP,CARLOTTA,90,90,90,90
1994,EP,DANIEL,55,55,55,55
1994,EP,EMILIA,140,135,135,135
1994,EP,FABIO,40,35,35,35
1994,EP,GILMA,140,140,140,135
1994,EP,HECTOR,55,50,50,45
1994,EP,ILEANA,65,65,60,60
1994,EP,JOHN,150,150,145,140
1994,EP,KRISTY,90,90,85,80
1994,EP,LANE,115,115,115,110
1994,EP,LI,65,60,60,55
1994,EP,MELE,35,35,35,35
1994,EP,MIRIAM,40,40,35,35
1994,EP,NONA,35,30,30,30
1994,EP,NORMAN,35,35,35,35
1994,EP,OLIVIA,130,125,120,115
1994,EP,PAUL,40,40,40,35
1994,EP,ROSA,90,90,90,85
1994,NA,ALBERTO,55,55,50,45
1994,NA,BERYL,50,50,50,45
1994,NA,CHRIS,70,70,70,70
1994,NA,DEBBY,60,55,55,50
1994,NA,ERNESTO,50,50,45,45
1994,NA,FLORENCE,95,95,90,85
1994,NA,GORDON,75,70,70,65
1994,SI,ALEXINA,46,46,44,42
1994,SI,BETTINA,60,60,58,52
1994,SI,CECILIA,55,55,55,55
1994,SI,DAISY,85,80,75,70
1994,SI,EDMEA,52,52,50,50
1994,SI,GERALDA,110,110,110,105
1994,SI,HOLLANDA,85,85,80,80
1994,SI,IVY,75,75,75,70
1994,SI,JULITA,30,30,28,28
1994,SI,KELVINA,45,45,45,45
1994,SI,LITANNE,105,105,105,100
1994,SI,MARIOLA,62,62,58,58
1994,SI,NADIA,95,95,95,90
1994,SI,NAOMI,80,80,70,70
1994,SI,ODILLE,95,95,90,90
1994,SI,OSCAR,35,35,35,35
1994,SI,PEARL/FARAH,85,85,85,80
1994,SI,QUENTON,80,80,80,80
1994,SI,SHARON,105,105,95,95
1994,SI,TIM,35,35,35,35
1994,SI,VIVIENNE,85,85,80,80
1994,SI,WILLY,50,50,50,50
1994,SP,REWA,110,110,110,110
1994,SP,SADIE,45,45,45,40
1994,SP,SARAH,60,60,60,55
1994,SP,THEODORE,115,110,105,100
1994,SP,USHA,30,30,30,30
1994,WP,AMY,45,40,40,35
1994,WP,AXEL,85,85,80,80
1994,WP,BOBBIE,50,50,50,50
1994,WP,BRENDAN,45,45,40,40
1994,WP,CAITLIN,45,45,45,40
1994,WP,DOUS,100,100,100,95
1994,WP,ELLIE,70,70,70,70
1994,WP,FRED,100,100,100,100
1994,WP,GLADYS,80,80,80,80
1994,WP,HARRY,45,45,45,45
1994,WP,IVY,75,75,70,70
1994,WP,JOEL,45,45,45,40
1994,WP,KINNA,75,75,75,75
1994,WP,LUKE,45,45,45,40
1994,WP,MELISSA,110,110,105,100
1994,WP,NAT,40,40,40,40
1994,WP,ORCHID,100,100,100,100
1994,WP,OWEN,60,60,55,55
1994,WP,PAGE,70,70,70,70
1994,WP,PAT,70,70,70,70
1994,WP,RUSS(-)1,50,50,50,50
1994,WP,RUTH,70,70,70,70
1994,WP,SETH,110,110,105,105
1994,WP,SHARON,40,40,35,35
1994,WP,TERESA,80,80,80,75
1994,WP,TIM,95,95,95,95
1994,WP,VANESSA,40,40,40,40
1994,WP,VERNE,80,80,80,80
1994,WP,WALT,100,100,100,100
1994,WP,WILDA,90,90,90,85
1994,WP,YUNYA,45,45,40,40
1994,WP,YURI,40,40,40,35
1994,WP,ZEKE,50,50,50,45
1994,WP,ZELDA,105,105,105,105
1995,EP,ADOLPH,115,110,110,100
1995,EP,BARBARA,120,120,120,115
1995,EP,COSME,65,65,65,60
1995,EP,DALILA,55,55,50,50
1995,EP,ERICK,55,55,50,50
1995,EP,FLOSSIE,70,70,70,70
1995,EP,GIL,55,55,55,55
1995,EP,HENRIETTE,85,80,80,75
1995,EP,ISMAEL,70,70,70,70
1995,EP,JULIETTE,130,130,120,120
1995,NA,ALLISON,65,65,65,60
1995,NA,BARRY,60,60,60,55
1995,NA,CHANTAL,60,60,60,55
1995,NA,DEAN,40,40,35,30
1995,NA,ERIN,85,80,75,75
1995,NA,FELIX,120,115,115,110
1995,NA,GABRIELLE,60,60,55,50
1995,NA,HUMBERTO,95,90,90,90
1995,NA,IRIS,95,90,90,85
1995,NA,JERRY,35,35,35,35
1995,NA,KAREN,45,45,45,45
1995,NA,LUIS,120,120,120,120
1995,NA,MARILYN,100,100,100,95
1995,NA,NOEL,65,65,65,65
1995,NA,OPAL,130,130,110,110
1995,NA,PABLO,50,50,50,45
1995,NA,ROXANNE,100,100,100,95
1995,NA,SEBASTIEN,55,50,45,45
1995,NA,TANYA,75,75,75,75
1995,SI,A19495,30,30,28,28
1995,SI,ALBERTINE,95,95,90,90
1995,SI,ANNETTE,100,100,100,100
1995,SI,BENTHA,45,45,45,45
1995,SI,BOBBY,105,100,100,95
1995,SI,CHLOE,120,120,120,120
1995,SI,CHRISTELLE,45,45,45,40
1995,SI,DORINA,95,95,95,90
1995,SI,FODAH,55,55,50,50
1995,SI,GAIL,65,65,65,60
1995,SI,HEIDA,40,40,35,35
1995,SI,INGRID,80,80,80,75
1995,SI,JOSTA,58,58,58,55
1995,SI,KYLIE,45,45,45,42
1995,SI,LIDY,30,30,30,30
1995,SI,MARLENE,100,100,100,95
1995,SP,AGNES,100,100,95,90
1995,SP,VANIA,55,55,55,50
1995,SP,VIOLET,85,80,80,75
1995,SP,WARREN,80,75,60,50
1995,SP,WILLIAM,60,55,55,55
1995,WP,ANGELA,115,115,115,110
1995,WP,BRIAN,40,40,35,35
1995,WP,CHUCK,35,35,35,35
1995,WP,DAN,55,55,55,55
1995,WP,DEANNA,40,40,40,40
1995,WP,FAYE,75,75,75,70
1995,WP,GARY,55,55,50,50
1995,WP,HELEN,50,50,50,45
1995,WP,IRVING,45,45,45,45
1995,WP,JANIS,45,45,45,40
1995,WP,KENT,85,85,85,85
1995,WP,LOIS,50,50,50,50
1995,WP,MARK,65,65,65,55
1995,WP,NINA,40,35,35,35
1995,WP,OSCAR,100,100,100,100
1995,WP,POLLY,75,75,75,75
1995,WP,RYAN,85,85,85,85
1995,WP,SIBYL,50,50,50,50
1995,WP,TED,50,50,45,45
1995,WP,VAL,40,40,40,40
1995,WP,WARD,85,85,85,85
1995,WP,YVETTE,50,40,40,35
1995,WP,ZACK,90,90,85,85
1996,EP,ALMA,90,90,90,85
1996,EP,BORIS,80,80,65,65
1996,EP,CRISTINA,60,60,55,45
1996,EP,DOUGLAS,115,115,115,115
1996,EP,ELIDA,55,55,50,50
1996,EP,FAUSTO,105,105,100,95
1996,EP,GENEVIEVE,45,45,45,45
1996,EP,HERNAN,75,70,65,65
1996,NA,ARTHUR,45,45,45,45
1996,NA,BERTHA,100,100,90,90
1996,NA,CESAR,75,70,70,70
1996,NA,DOLLY,70,65,65,60
1996,NA,EDOUARD,125,125,125,125
1996,NA,FRAN,105,105,105,105
1996,NA,GUSTAV,40,40,40,40
1996,NA,HORTENSE,120,115,115,115
1996,NA,ISIDORE,100,100,95,95
1996,NA,JOSEPHINE,60,60,60,60
1996,NA,KYLE,45,45,45,35
1996,NA,LILI,100,90,90,85
1996,NA,MARCO,65,65,60,60
1996,SI,B29596,30,30,30,30
1996,SI,BONITA,100,100,95,90
1996,SI,DARYL/AGNIEL,95,92,90,90
1996,SI,DOLORESSE,52,52,50,45
1996,SI,EDWIGE,80,80,80,70
1996,SI,EMMA,40,40,35,35
1996,SI,FLOSSY,80,80,80,80
1996,SI,FRANK,95,95,95,90
1996,SI,GERTIE,75,75,75,75
1996,SI,GUYLIANNE,35,35,35,35
1996,SI,HANSELLA,65,65,65,65
1996,SI,HUBERT/CORYN,80,80,75,75
1996,SI,ISOBEL,35,35,35,35
1996,SI,ITELLE,95,95,95,95
1996,SI,JACOB,85,85,85,85
1996,SI,JENNA,55,55,50,45
1996,SI,KIRSTY,100,100,95,90
1996,SI,OLIVIA,105,105,105,105
1996,SP,ATU,45,45,45,40
1996,SP,BARRY,100,95,80,75
1996,SP,BETI,90,90,85,80
1996,SP,CELESTE,70,70,65,60
1996,SP,DENNIS,40,40,40,40
1996,SP,ETHYL,60,55,50,45
1996,SP,YASI,45,45,40,40
1996,SP,ZAKA,35,35,35,30
1996,WP,ANN,35,35,35,35
1996,WP,BART,95,95,95,95
1996,WP,BETH,60,60,60,55
1996,WP,CAM,40,40,40,40
1996,WP,CARLO,70,70,65,65
1996,WP,DALE,90,90,90,90
1996,WP,DAN,65,65,65,65
1996,WP,ERNIE,40,40,40,40
1996,WP,EVE,85,85,85,85
1996,WP,FERN,60,60,60,60
1996,WP,FRANKIE,50,50,45,45
1996,WP,GLORIA,65,65,65,65
1996,WP,HERB,95,95,95,95
1996,WP,JOY,55,50,50,50
1996,WP,KIRK,75,75,75,75
1996,WP,LISA,40,40,40,35
1996,WP,NIKI,65,65,65,65
1996,WP,ORSON,75,75,75,75
1996,WP,PIPER,40,40,40,40
1996,WP,SALLY,85,85,85,85
1996,WP,TD0228,35,35,35,35
1996,WP,TOM,70,70,70,70
1996,WP,VIOLET,90,90,90,90
1996,WP,WILLIE,55,55,55,55
1996,WP,YATES,90,90,85,85
1996,WP,ZANE,80,80,80,80
1997,EP,ANDRES,45,45,45,45
1997,EP,BLANCA,40,40,40,40
1997,EP,CARLOS,30,30,30,30
1997,EP,DOLORES,80,75,75,75
1997,EP,ENRIQUE,100,95,90,90
1997,EP,FELICIA,115,115,115,110
1997,EP,GUILLERMO,140,140,140,140
1997,EP,HILDA,45,45,45,45
1997,EP,IGNACIO,35,35,35,30
1997,EP,JIMENA,120,115,115,115
1997,EP,KEVIN,50,50,50,45
1997,EP,LINDA,160,155,155,150
1997,EP,MARTY,40,40,40,35
1997,EP,NORA,115,110,110,110
1997,EP,OLAF,60,60,55,55
1997,EP,PAULINE,115,115,110,110
1997,EP,RICK,85,80,75,75
1997,NA,ANA,40,40,40,35
1997,NA,BILL,65,65,65,60
1997,NA,CLAUDETTE,40,40,40,40
1997,NA,DANNY,70,70,70,70
1997,NA,ERIKA,110,110,110,110
1997,NA,FABIAN,40,35,35,35
1997,NA,GRACE,40,40,40,35
1997,NI,LINDA,35,35,35,35
1997,SI,ANTOINETTE,63,63,60,55
1997,SI,DANIELLA,100,100,100,100
1997,SI,ELVINA,45,45,45,45
1997,SI,FABRIOLA,55,45,45,45
1997,SI,GRETELLE,75,75,75,75
1997,SI,HSK0297,30,30,30,30
1997,SI,ILETTA,55,55,50,50
1997,SI,JOSIE,75,75,75,70
1997,SI,KARLETTE,60,60,60,60
1997,SI,LINDSAY,40,40,40,40
1997,SI,LISETTE,50,50,50,50
1997,SI,MELANIE/BELL,95,95,95,95
1997,SI,NICHOLAS,45,45,45,45
1997,SI,OPHELIA,55,55,55,50
1997,SI,PANCHO/HELIN,115,115,115,115
1997,SI,PHIL,60,60,60,60
1997,SI,RACHEL,70,70,70,70
1997,SI,RHONDA,95,95,90,90
1997,SP,CYRIL,45,45,40,40
1997,SP,DRENA,90,90,90,85
1997,SP,EVAN,70,70,65,65
1997,SP,FERGUS,80,80,80,80
1997,SP,FREDA,60,60,60,60
1997,SP,GAVIN,100,100,100,100
1997,SP,GILLIAN,45,45,40,40
1997,SP,HAROLD,60,55,55,55
1997,SP,HINA,65,65,65,65
1997,SP,IAN,45,45,40,40
1997,SP,ITA,45,40,40,40
1997,SP,JUNE,50,50,50,45
1997,SP,JUSTIN,80,80,80,80
1997,SP,KELI,80,80,75,75
1997,SP,NONAME,60,60,60,55
1997,WP,AMBER,80,80,75,75
1997,WP,BING,85,85,85,85
1997,WP,CASS,45,40,40,35
1997,WP,DAVID,85,85,85,85
1997,WP,FRITZ,55,55,50,45
1997,WP,GINGER,95,95,95,95
1997,WP,ISA,85,85,85,85
1997,WP,IVAN,105,105,105,105
1997,WP,JIMMY,35,35,35,35
1997,WP,JOAN,105,105,105,105
1997,WP,KELLY,35,35,35,35
1997,WP,KETTH,110,110,110,110
1997,WP,LEVI,40,40,35,35
1997,WP,MARIE,65,65,65,60
1997,WP,MORT,45,45,45,45
1997,WP,NESTOR,100,100,100,95
1997,WP,OLIWA,100,100,100,100
1997,WP,OPAL,75,75,75,75
1997,WP,PAKA -,100,100,100,100
1997,WP,PETER,65,65,65,65
1997,WP,ROSIE,100,100,100,100
1997,WP,SCOTT,40,40,40,40
1997,WP,TINA,75,75,75,75
1997,WP,VICTOR,60,60,60,60
1997,WP,WINNIE(-)1,100,100,100,100
1997,WP,YULE,55,55,55,55
1997,WP,ZITA,55,50,50,50
1998,EP,AGATHA,55,55,50,50
1998,EP,BLAS,120,115,115,115
1998,EP,CELIA,50,45,45,45
1998,EP,DARBY,100,100,100,100
1998,EP,ESTELLE,115,110,100,100
1998,EP,FRANK,40,35,35,35
1998,EP,GEORGETTE,100,100,95,95
1998,EP,HOWARD,130,125,125,125
1998,EP,ISIS,65,65,60,60
1998,EP,JAVIER,50,45,40,40
1998,EP,KAY,65,65,60,55
1998,EP,LESTER,100,100,95,95
1998,EP,MADELINE,75,75,75,70
1998,NA,ALEX,45,45,45,45
1998,NA,BONNIE,100,100,100,100
1998,NA,CHARLEY,60,45,40,40
1998,NA,DANIELLE,90,90,90,90
1998,NA,EARL,85,80,70,70
1998,NA,FRANCES,55,45,45,45
1998,NA,GEORGES,135,130,130,125
1998,NA,HERMINE,40,40,35,35
1998,NA,IVAN,80,75,75,75
1998,NA,JEANNE,90,90,90,90
1998,NA,KARL,90,90,80,80
1998,NA,LISA,65,65,60,60
1998,NA,MITCH,155,155,150,150
1998,NA,NICOLE,75,70,70,65
1998,SI,ANACELLE,75,75,75,75
1998,SI,DONALINE,40,40,40,40
1998,SI,ELSIE,55,55,55,50
1998,SI,FIONA,30,30,30,30
1998,SI,GEMMA,45,45,45,45
1998,SI,HSK1398,32,32,32,32
1998,SI,HSK2198,35,35,35,35
1998,SI,HSK2498,30,30,30,30
1998,SI,M29697,30,30,30,30
1998,SI,SELWYN,75,75,75,75
1998,SI,TIFFANY,100,100,100,100
1998,SI,VICTOR/CINDY,85,80,75,70
1998,SP,ALAN,35,35,35,35
1998,SP,BART,45,45,40,40
1998,SP,KATRINA,90,90,90,85
1998,SP,LES,60,60,55,50
1998,SP,LUSI,55,55,50,50
1998,SP,MARTIN,85,85,80,80
1998,SP,MAY,40,40,40,40
1998,SP,NATHAN,50,50,50,50
1998,SP,NUTE,60,60,60,60
1998,SP,OSEA,80,80,80,75
1998,SP,PAM,60,60,60,55
1998,SP,RON,125,125,125,125
1998,SP,SID,45,45,45,45
1998,SP,SUSAN,125,125,125,125
1998,SP,TUI,40,40,40,35
1998,SP,URSULA,60,60,55,55
1998,SP,VELI,55,55,50,50
1998,SP,WES,50,50,45,45
1998,SP,YALI,70,70,65,65
1998,SP,ZUMAN,80,80,80,80
1998,WP,BABS,85,85,85,85
1998,WP,CHIP,40,40,40,40
1998,WP,ELVIS,40,40,40,40
1998,WP,FAITH,65,65,65,65
1998,WP,GIL,40,40,40,35
1998,WP,NICHOLE,35,35,35,35
1998,WP,OTTO,65,65,60,60
1998,WP,PENNY,50,50,45,45
1998,WP,REX,75,75,75,75
1998,WP,STELLA,60,60,60,60
1998,WP,TODD,75,75,75,70
1998,WP,VICKI,75,75,75,75
1998,WP,WALDO,45,45,45,45
1998,WP,YANNI,65,60,60,60
1998,WP,ZEB,110,110,105,100
1999,EP,ADRIAN,85,85,80,75
1999,EP,BEATRIZ,105,105,105,100
1999,EP,CALVIN,35,35,35,35
1999,EP,DORA,120,120,120,120
1999,EP,EUGENE,95,95,90,90
1999,EP,FERNANDA,55,50,50,45
1999,EP,GREG,65,65,65,65
1999,EP,HILARY,65,65,60,60
1999,EP,IRWIN,50,50,45,45
1999,NA,ARLENE,50,50,50,50
1999,NA,BRET,125,125,120,120
1999,NA,CINDY,120,120,120,115
1999,NA,DENNIS,90,90,90,90
1999,NA,EMILY,45,45,40,40
1999,NA,FLOYD,135,135,125,125
1999,NA,GERT,130,130,125,125
1999,NA,HARVEY,50,50,50,50
1999,NA,IRENE,95,95,90,80
1999,NA,JOSE,85,80,80,80
1999,NA,KATRINA,35,35,30,30
1999,NA,LENNY,135,130,125,120
1999,SI,ALDA,52,52,50,50
1999,SI,ALISON,85,85,85,80
1999,SI,BILLY,70,70,65,65
1999,SI,CATHY,60,60,60,60
1999,SI,CHIKITA,37,37,37,35
1999,SI,DAMIEN/BIREN,85,85,85,85
1999,SI,DAVINA,90,90,90,85
1999,SI,ELAINE,90,90,90,90
1999,SI,FREDERIC/EVR,110,110,110,110
1999,SI,GWENDA,120,120,120,115
1999,SI,HAMISH,55,55,55,55
1999,SI,HSK2299,33,33,33,32
1999,SI,HSK3099,30,30,30,30
1999,SI,THELMA,120,120,120,120
1999,SI,VANCE,120,120,115,115
1999,SI,ZELIA,40,40,40,40
1999,SP,26F,55,55,55,55
1999,SP,CORA,80,75,70,70
1999,SP,DANI,95,95,90,90
1999,SP,ELLA,45,45,40,40
1999,SP,FRANK,80,80,70,70
1999,SP,GITA,45,45,45,45
1999,SP,HALI,65,65,60,60
1999,SP,OLINDA,55,55,50,50
1999,SP,PETE,50,50,50,50
1999,SP,RONA,75,60,50,45
1999,WP,ANN,50,50,50,50
1999,WP,BART,90,90,90,90
1999,WP,CAM,45,40,40,35
1999,WP,DAN,80,75,75,75
1999,WP,EVE,45,45,45,45
1999,WP,GLORIA,50,50,50,50
1999,WP,KATE,55,55,55,50
1999,WP,LEO,65,65,65,65
1999,WP,MAGGIE,75,75,75,70
1999,WP,NEIL,50,50,50,50
1999,WP,OLGA,65,65,60,60
1999,WP,PAUL,45,45,45,45
1999,WP,SAM,55,55,55,55
1999,WP,TANYA,50,50,45,45
1999,WP,TD0715,35,35,35,35
1999,WP,VIRGIL,50,50,50,45
1999,WP,YORK,55,55,55,55
1999,WP,ZIA,45,45,45,45
2000,EP,ALETTA,90,90,90,85
2000,EP,BUD,45,45,45,45
2000,EP,CARLOTTA,135,135,130,115
2000,EP,DANIEL,110,110,105,105
2000,EP,EMILIA,55,55,50,50
2000,EP,FABIO,45,45,40,40
2000,EP,GILMA,70,70,65,60
2000,EP,HECTOR,70,70,65,65
2000,EP,ILEANA,60,60,60,60
2000,EP,JOHN,60,55,55,55
2000,EP,KRISTY,35,35,35,30
2000,EP,LANE,85,85,85,85
2000,EP,MIRIAM,35,35,30,30
2000,EP,NORMAN,45,45,40,35
2000,EP,OLIVIA,55,55,55,55
2000,EP,PAUL,40,35,35,35
2000,EP,ROSA,55,55,55,55
2000,EP,UPANA,40,40,40,40
2000,EP,WENE,45,45,40,40
2000,NA,ALBERTO,110,110,105,100
2000,NA,BERYL,45,45,45,40
2000,NA,CHRIS,35,30,30,25
2000,NA,DEBBY,75,75,70,70
2000,NA,ERNESTO,35,35,35,35
2000,NA,FLORENCE,70,65,65,65
2000,NA,GORDON,70,65,65,65
2000,NA,HELENE,60,60,60,55
2000,NA,ISAAC,120,115,110,110
2000,NA,JOYCE,80,80,75,75
2000,NA,KEITH,120,120,115,110
2000,NA,LESLIE,60,55,50,40
2000,NA,MICHAEL,85,75,75,75
2000,NA,NADINE,50,50,50,45
2000,SI,1319992000,50,50,45,45
2000,SI,ASTRIDE,50,50,50,50
2000,SI,BABIOLA,85,85,85,80
2000,SI,CONNIE,100,100,100,95
2000,SI,DAMIENNE,35,35,35,33
2000,SI,FELICIA,60,60,60,55
2000,SI,GLORIA,50,45,40,35
2000,SI,HUDAH,120,120,120,115
2000,SI,ILSA,55,55,50,50
2000,SI,INNOCENTE,37,37,37,35
2000,SI,JOHN,110,110,110,110
2000,SI,KIRRILY,75,75,70,65
2000,SI,LEONE/ELINE,100,95,90,80
2000,SI,MARCIA,35,35,35,35
2000,SI,NORMAN,100,95,85,85
2000,SI,OLGA,50,50,50,40
2000,SI,PAUL,120,120,120,110
2000,SI,ROSITA,115,115,115,110
2000,SI,TS17S,30,30,30,30
2000,SP,IRIS,80,70,60,55
2000,SP,JO,65,60,60,60
2000,SP,KIM,90,90,90,85
2000,SP,MONA,75,75,70,70
2000,SP,NEIL,40,40,35,35
2000,SP,TESSI,70,70,60,55
2000,SP,TS18S(LEO),50,50,50,50
2000,SP,VAUGHAN,60,55,50,50
2000,WP,BEBINCA,60,60,55,55
2000,WP,BILIS,110,110,110,110
2000,WP,BOLAVEN,50,50,45,45
2000,WP,BOPHA,45,45,45,45
2000,WP,CHANCHU,35,35,35,35
2000,WP,DAMREY,90,90,90,85
2000,WP,EWINIAR,65,65,65,60
2000,WP,JELAWAT,85,85,85,85
2000,WP,KAEMI,40,40,40,35
2000,WP,KAI-TAK,75,75,75,75
2000,WP,KIROGI,85,85,85,80
2000,WP,LONGWANG,45,40,40,40
2000,WP,MARIA,40,40,40,40
2000,WP,PRAPIROON,70,70,70,70
2000,WP,SAOMAI,95,95,95,95
2000,WP,SHANSHAN,95,95,95,95
2000,WP,SONAMU,55,55,55,55
2000,WP,SOULIK,80,80,70,70
2000,WP,TD1205,40,40,40,40
2000,WP,TEMBIN,40,40,40,40
2000,WP,WUKONG,75,75,70,70
2000,WP,XANGSANE,75,75,75,75
2000,WP,YAGI,70,70,70,70
2001,EP,ADOLPH,125,125,125,115
2001,EP,BARBARA,50,45,45,45
2001,EP,COSME,40,40,35,35
2001,EP,DALILA,65,60,60,60
2001,EP,ERICK,35,35,35,35
2001,EP,FLOSSIE,90,85,85,80
2001,EP,GIL,85,85,85,80
2001,EP,HENRIETTE,55,50,50,50
2001,EP,IVO,45,45,45,45
2001,EP,JULIETTE,125,125,125,125
2001,EP,KIKO,65,60,55,55
2001,EP,LORENA,50,45,45,40
2001,EP,MANUEL,50,45,45,45
2001,EP,NARDA,75,70,70,65
2001,EP,OCTAVE,75,75,65,65
2001,NA,ALLISON,50,45,45,40
2001,NA,BARRY,60,60,60,60
2001,NA,CHANTAL,60,60,60,60
2001,NA,DEAN,60,60,55,55
2001,NA,ERIN,105,105,105,100
2001,NA,FELIX,100,100,95,95
2001,NA,GABRIELLE,70,70,65,65
2001,NA,HUMBERTO,90,85,80,80
2001,NA,IRIS,125,125,120,115
2001,NA,JERRY,45,45,45,45
2001,NA,KAREN,70,65,65,60
2001,NA,LORENZO,35,35,35,35
2001,NA,MICHELLE,120,120,120,115
2001,NA,NOEL,65,65,60,60
2001,NA,OLGA,80,80,75,75
2001,SI,720002001,45,45,40,40
2001,SI,ALISTAIR,60,60,60,55
2001,SI,ANDO,105,105,105,105
2001,SI,BINDU,80,80,80,80
2001,SI,CHARLY,100,100,100,90
2001,SI,DERA,80,80,80,80
2001,SI,EVARISTE,60,60,60,60
2001,SI,HSK1701,35,35,35,33
2001,SI,HSK2201,50,50,45,45
2001,SI,SAM,110,110,100,100
2001,SI,TERRI,60,60,60,60
2001,SI,VINCENT,45,45,45,45
2001,SI,WALTER,80,80,80,80
2001,SP,ABIGAIL,65,60,60,50
2001,SP,OMA,55,50,50,45
2001,SP,PAULA,95,95,90,90
2001,SP,RITA,45,45,45,45
2001,SP,SOSE,60,60,60,60
2001,SP,WINSOME,40,40,40,40
2001,SP,WYLVA,40,40,40,35
2001,WP,CHEBI,65,65,65,60
2001,WP,CIMARON,50,50,45,45
2001,WP,DANAS,85,85,85,85
2001,WP,DURIAN,60,55,50,50
2001,WP,FAXAI,105,105,100,95
2001,WP,FRANCISCO,85,85,80,80
2001,WP,HAIYAN,70,70,70,70
2001,WP,KAJIKI,35,35,35,35
2001,WP,KONG-REY,70,70,70,70
2001,WP,KROSA,80,80,80,80
2001,WP,LEKIMA,70,70,70,65
2001,WP,LINGLING,85,85,85,85
2001,WP,MAN-YI,80,80,80,80
2001,WP,NARI,75,75,75,75
2001,WP,PABUK,70,70,70,70
2001,WP,PODUL,100,100,100,95
2001,WP,SEPAT,45,45,45,40
2001,WP,TORAJI,75,75,75,75
2001,WP,TRAMI,40,35,35,35
2001,WP,UTOR,60,60,60,60
2001,WP,VIPA,65,60,60,60
2001,WP,WUTIP,90,90,90,85
2001,WP,YUTU,55,55,50,50
2002,EP,ALIKA,55,50,50,50
2002,EP,ALMA,100,100,95,90
2002,EP,BORIS,50,50,50,45
2002,EP,CRISTINA,55,50,50,45
2002,EP,DOUGLAS,90,90,90,85
2002,EP,ELE,110,100,90,90
2002,EP,ELIDA,140,130,130,120
2002,EP,FAUSTO,125,125,120,120
2002,EP,GENEVIEVE,60,60,60,60
2002,EP,HERNAN,140,140,135,130
2002,EP,HUKO,75,75,75,75
2002,EP,ISELLE,60,60,55,55
2002,EP,JULIO,40,40,35,35
2002,EP,KENNA,145,145,140,130
2002,EP,LOWELL,45,45,40,40
2002,NA,ARTHUR,50,50,50,50
2002,NA,BERTHA,35,35,35,35
2002,NA,CRISTOBAL,45,45,45,45
2002,NA,DOLLY,50,50,45,45
2002,NA,EDOUARD,55,45,40,35
2002,NA,FAY,50,50,50,50
2002,NA,GUSTAV,85,80,80,80
2002,NA,HANNA,50,50,50,50
2002,NA,ISIDORE,110,110,110,110
2002,NA,JOSEPHINE,50,35,35,35
2002,NA,KYLE,75,75,75,75
2002,NA,LILI,125,125,120,110
2002,SI,ANDRE,50,50,50,50
2002,SI,BESSI-BAKO,65,65,65,65
2002,SI,BONNIE,50,50,50,50
2002,SI,CHRIS,110,110,110,105
2002,SI,CYPRIEN,55,55,55,55
2002,SI,DINA,115,115,110,110
2002,SI,EDDY,70,70,65,60
2002,SI,ERROL,35,35,35,35
2002,SI,FRANCESCA,105,105,100,90
2002,SI,GUILLAUME,110,110,105,105
2002,SI,HARY,120,115,110,110
2002,SI,IKALA,90,90,85,80
2002,SI,JERY,80,80,80,80
2002,SI,KESINY,70,65,60,60
2002,SP,BERNIE,50,50,50,45
2002,SP,CLAUDIA,70,65,65,60
2002,SP,DES,45,40,35,35
2002,SP,UPIA,40,40,40,40
2002,SP,WAKA,75,60,55,55
2002,WP,BAVI,55,50,50,50
2002,WP,CHATAAN,95,95,95,95
2002,WP,FENGSHEN,100,100,100,100
2002,WP,FUNG-WONG,70,70,70,70
2002,WP,HAGIBIS,95,95,90,85
2002,WP,HAGUPIT,45,45,35,35
2002,WP,HAISHEN,85,85,80,75
2002,WP,HALONG,85,85,85,85
2002,WP,HIGOS,95,95,95,95
2002,WP,KAMMURI,55,50,50,45
2002,WP,MAYSAK,55,55,55,50
2002,WP,MEKKHALA,45,45,40,40
2002,WP,MITAG,95,95,95,95
2002,WP,NAKRI,50,40,40,40
2002,WP,NOGURI,60,60,60,60
2002,WP,PHANFONE,85,85,85,85
2002,WP,PONGSONA,90,90,90,90
2002,WP,RAMMASUN,85,85,85,85
2002,WP,RUSA,80,80,80,80
2002,WP,SINLAKU,80,80,80,80
2002,WP,TAPAH,40,35,35,35
2002,WP,VONGFONG,40,40,40,40
2003,EP,ANDRES,50,50,50,50
2003,EP,BLANCA,50,45,45,45
2003,EP,CARLOS,55,55,45,45
2003,EP,DOLORES,35,35,30,30
2003,EP,ENRIQUE,55,55,55,55
2003,EP,FELICIA,45,40,40,40
2003,EP,GUILLERMO,50,50,50,50
2003,EP,HILDA,35,35,35,35
2003,EP,IGNACIO,90,90,85,80
2003,EP,JIMENA,90,90,90,85
2003,EP,KEVIN,35,30,30,30
2003,EP,LINDA,65,65,60,55
2003,EP,MARTY,85,85,80,75
2003,EP,NORA,90,90,90,90
2003,EP,OLAF,65,55,55,55
2003,EP,PATRICIA,70,65,65,65
2003,NA,ANA,50,50,50,50
2003,NA,BILL,50,50,50,45
2003,NA,CLAUDETTE,80,75,70,70
2003,NA,DANNY,65,65,65,65
2003,NA,ERIKA,65,65,60,55
2003,NA,FABIAN,125,125,120,120
2003,NA,GRACE,35,35,35,35
2003,NA,HENRI,50,40,35,30
2003,NA,ISABEL,145,140,140,140
2003,NA,JUAN,90,90,90,90
2003,NA,KATE,110,105,100,100
2003,NA,LARRY,55,50,50,50
2003,NA,MINDY,40,40,40,35
2003,NA,NICHOLAS,60,55,55,55
2003,NA,ODETTE,55,55,55,50
2003,NA,PETER,60,50,45,40
2003,SI,ABAIMBA,35,35,35,35
2003,SI,BOURA,70,70,70,65
2003,SI,CRAIG,55,55,55,50
2003,SI,CRYSTAL,80,80,80,75
2003,SI,DELFINA,50,50,45,40
2003,SI,EBULA,63,63,60,60
2003,SI,FARI,50,45,40,40
2003,SI,FIONA,95,90,90,90
2003,SI,GERRY,90,90,90,80
2003,SI,GRAHAM,40,40,35,35
2003,SI,HAPE,80,80,75,70
2003,SI,HARRIET,45,45,40,40
2003,SI,INIGO,130,130,125,120
2003,SI,ISHA,35,35,35,35
2003,SI,JAPHET,95,95,95,95
2003,SI,KALUNDE,115,115,115,115
2003,SI,LUMA,70,60,55,50
2003,SI,MANOU,83,83,80,80
2003,SP,AMI,80,80,80,75
2003,SP,BENI,110,110,100,100
2003,SP,CILLA,40,35,35,35
2003,SP,DOVI,110,110,110,100
2003,SP,ERICA,115,115,110,100
2003,SP,ESETA,100,100,95,90
2003,SP,FILI,50,50,45,35
2003,SP,GINA,80,80,80,80
2003,SP,YOLANDE,45,45,45,40
2003,SP,ZOE,130,125,125,125
2003,WP,CHAN-HOM,85,85,85,85
2003,WP,CHOI-WAN,70,70,70,70
2003,WP,DUJUAN,80,80,80,80
2003,WP,ETAU,85,85,85,80
2003,WP,IMBUDO,90,90,85,85
2003,WP,KETSANA,90,90,85,85
2003,WP,KONI,60,60,55,55
2003,WP,KOPPU,70,65,65,65
2003,WP,KROVANH,65,65,65,65
2003,WP,KUJIRA,90,90,90,85
2003,WP,LINFA,55,55,55,55
2003,WP,LUPIT,100,100,100,100
2003,WP,MAEMI,105,105,105,105
2003,WP,MELOR,50,50,45,45
2003,WP,MORAKOT,45,45,45,45
2003,WP,NANGKA,50,50,50,50
2003,WP,NEPARTAK,65,60,60,60
2003,WP,PARMA,95,95,95,95
2003,WP,SOUDELOR,80,80,75,75
2003,WP,VAMCO,35,35,35,35
2003,WP,YANYAN,35,35,35,35
2004,EP,AGATHA,50,45,45,40
2004,EP,BLAS,55,50,50,45
2004,EP,CELIA,75,70,65,60
2004,EP,DARBY,105,100,95,95
2004,EP,ESTELLE,60,60,55,55
2004,EP,FRANK,75,75,70,65
2004,EP,GEORGETTE,55,50,50,50
2004,EP,HOWARD,120,120,115,100
2004,EP,ISIS,65,60,55,55
2004,EP,JAVIER,130,125,125,125
2004,EP,KAY,40,35,30,30
2004,EP,LESTER,45,45,35,30
2004,NA,ALEX,105,105,100,95
2004,NA,BONNIE,55,50,50,45
2004,NA,CHARLEY,130,125,125,105
2004,NA,DANIELLE,95,95,90,90
2004,NA,EARL,45,45,35,35
2004,NA,FRANCES,125,125,125,120
2004,NA,GASTON,65,65,60,55
2004,NA,HERMINE,50,45,45,40
2004,NA,IVAN,145,145,140,140
2004,NA,JEANNE,105,105,105,100
2004,NA,KARL,125,120,120,115
2004,NA,LISA,65,65,60,60
2004,NA,MATTHEW,40,40,40,40
2004,NA,NICOLE,45,45,40,40
2004,NA,OTTO,45,45,45,40
2004,SI,ABAIMBA,43,43,43,40
2004,SI,BENI,95,95,80,80
2004,SI,CELA,65,65,65,65
2004,SI,DARIUS,55,55,55,55
2004,SI,DEBBIE,65,65,65,65
2004,SI,ELITA,65,60,60,55
2004,SI,FAY,115,115,115,100
2004,SI,FRANK,100,100,100,95
2004,SI,GAFILO,125,125,120,120
2004,SI,JANA,85,80,80,80
2004,SI,JUBA,55,55,55,53
2004,SI,LINDA,50,50,50,45
2004,SI,MONTY,100,100,100,95
2004,SI,NICKY-HELMA,60,60,60,60
2004,SI,OSCAR-ITSANG,90,90,90,85
2004,SP,EVAN,35,35,30,30
2004,SP,FRITZ,50,40,40,40
2004,SP,GRACE,50,50,50,50
2004,SP,HETA,115,115,115,115
2004,SP,IVY,90,90,90,90
2004,WP,AERE,80,80,80,80
2004,WP,CHABA,110,110,110,110
2004,WP,CHANTHU,60,55,55,45
2004,WP,CONSON,80,80,80,80
2004,WP,DIANMU,100,100,100,100
2004,WP,HAIMA,40,40,40,35
2004,WP,KOMPASU,45,45,45,45
2004,WP,MA-ON,100,100,100,100
2004,WP,MALAKAS,45,45,40,40
2004,WP,MALOU,40,40,40,40
2004,WP,MEARI,90,90,90,90
2004,WP,MEGI,65,65,65,65
2004,WP,MERANTI,75,75,75,70
2004,WP,MINDULLE,95,95,95,90
2004,WP,MUIFA,80,80,75,75
2004,WP,NAMTHEUN,85,85,85,85
2004,WP,NANMADOL,90,90,90,85
2004,WP,NIDA,95,95,90,90
2004,WP,NOCK-TEN,85,85,85,85
2004,WP,NORU,40,40,40,40
2004,WP,OMAIS,50,50,45,45
2004,WP,RANANIM,80,80,80,80
2004,WP,SARIKA,55,55,50,50
2004,WP,SONGDA,95,95,95,95
2004,WP,SUDAL,90,90,90,85
2004,WP,TALAS,40,40,40,40
2004,WP,TINGTING,80,80,80,80
2004,WP,TOKAGE,85,85,85,85
2005,EP,ADRIAN,70,70,60,60
2005,EP,BEATRIZ,45,45,40,40
2005,EP,CALVIN,45,45,40,40
2005,EP,DORA,40,40,35,35
2005,EP,EUGENE,60,50,50,45
2005,EP,FERNANDA,75,75,75,75
2005,EP,GREG,45,45,40,40
2005,EP,HILARY,90,90,90,85
2005,EP,IRWIN,45,45,40,40
2005,EP,JOVA,110,110,105,105
2005,EP,KENNETH,115,115,115,110
2005,EP,LIDIA,35,35,35,35
2005,EP,MAX,70,65,65,65
2005,EP,NORMA,50,45,45,45
2005,EP,ONE,25,25,25,25
2005,EP,OTIS,90,85,80,75
2005,EP,SIXTEEN,30,30,30,30
2005,NA,ALPHA,45,45,45,35
2005,NA,ARLENE,60,60,60,55
2005,NA,BETA,100,90,90,75
2005,NA,BRET,35,35,35,35
2005,NA,CINDY,65,65,60,50
2005,NA,DELTA,60,60,60,60
2005,NA,DENNIS,130,125,120,120
2005,NA,EMILY,140,135,135,130
2005,NA,EPSILON,75,75,70,70
2005,NA,FRANKLIN,60,60,55,55
2005,NA,GAMMA,45,40,40,40
2005,NA,GERT,40,35,35,35
2005,NA,HARVEY,55,55,55,50
2005,NA,IRENE,90,85,80,80
2005,NA,JOSE,50,45,35,35
2005,NA,KATRINA,150,145,140,125
2005,NA,LEE,35,35,30,30
2005,NA,MARIA,100,90,90,85
2005,NA,NATE,80,75,75,75
2005,NA,NINETEEN,30,30,30,30
2005,NA,OPHELIA,75,75,75,75
2005,NA,PHILIPPE,70,65,65,65
2005,NA,RITA,155,155,150,145
2005,NA,STAN,70,65,55,50
2005,NA,TAMMY,45,45,45,40
2005,NA,TEN,30,30,25,25
2005,NA,TWENTY-TWO,40,40,40,40
2005,NA,VINCE,65,60,55,50
2005,NA,WILMA,160,150,140,135
2005,NA,ZETA,55,55,55,55
2005,NI,BAAZ,45,45,45,45
2005,NI,FANOOS,45,45,45,45
2005,SI,AROLA,60,60,60,55
2005,SI,BENTOJANA,115,115,110,110
2005,SI,CHAMBO,85,85,85,80
2005,SI,DAREN,50,50,45,40
2005,SI,ERNEST,90,90,85,80
2005,SI,FELAPI,35,35,35,33
2005,SI,GERARD,63,60,60,60
2005,SI,HENNIE,55,55,55,55
2005,SI,ISANG,63,60,60,55
2005,SI,JULIET,120,120,120,115
2005,SI,PHOEBE,45,45,45,40
2005,SI,RAYMOND,45,45,45,35
2005,SI,SALLY,50,50,45,45
2005,SI,TIM,45,45,45,40
2005,SI,VIVIENNE,35,35,30,30
2005,SI,WILLY,75,75,75,75
2005,SP,HARVEY,75,70,60,55
2005,SP,INGRID,125,125,125,125
2005,SP,JUDY,45,45,45,40
2005,SP,KERRY,80,80,80,80
2005,SP,LOLA,40,35,35,35
2005,SP,MEENA,115,115,110,100
2005,SP,NANCY,95,90,90,85
2005,SP,OLAF,115,115,115,115
2005,SP,PERCY,125,125,120,120
2005,SP,RAY,40,35,35,30
2005,SP,SHEILA,40,35,35,35
2005,WP,BANYAN,55,55,55,55
2005,WP,BOLAVEN,55,55,55,55
2005,WP,DAMREY,80,80,80,75
2005,WP,GUCHOL,55,55,55,55
2005,WP,HAITANG,105,105,105,105
2005,WP,KAI-TAK,80,80,75,70
2005,WP,KHANUN,85,85,85,85
2005,WP,KIROGI,100,100,95,90
2005,WP,KULAP,50,50,50,50
2005,WP,LONGWANG,95,95,95,95
2005,WP,MATSA,80,80,80,80
2005,WP,MAWAR,95,95,90,90
2005,WP,NABI,95,95,95,95
2005,WP,NALGAE,45,45,45,45
2005,WP,NESAT,95,95,95,90
2005,WP,ROKE,55,55,50,45
2005,WP,SANVU,50,50,50,50
2005,WP,SAOLA,80,80,80,80
2005,WP,SONCA,90,90,90,85
2005,WP,TALIM,95,95,95,95
2005,WP,VICENTE,45,45,40,40
2005,WP,WASHI,45,45,45,45
2006,EP,ALETTA,40,40,40,40
2006,EP,BUD,110,100,100,90
2006,EP,CARLOTTA,75,70,70,70
2006,EP,DANIEL,130,130,130,125
2006,EP,EIGHTEEN,30,30,30,25
2006,EP,EMILIA,55,55,55,55
2006,EP,FABIO,45,45,45,40
2006,EP,FOUR,30,30,30,25
2006,EP,GILMA,35,35,35,30
2006,EP,HECTOR,95,90,90,90
2006,EP,ILEANA,105,105,105,95
2006,EP,IOKE,140,140,140,140
2006,EP,JOHN,115,115,110,110
2006,EP,KRISTY,70,65,65,65
2006,EP,LANE,110,110,110,100
2006,EP,MIRIAM,40,40,40,35
2006,EP,NORMAN,45,40,40,35
2006,EP,OLIVIA,40,40,40,35
2006,EP,PAUL,90,85,80,75
2006,EP,ROSA,35,35,35,30
2006,EP,SERGIO,95,90,90,85
2006,EP,THREE,30,30,25,25
2006,EP,TWO,30,30,30,30
2006,NA,ALBERTO,60,60,60,55
2006,NA,BERYL,50,50,50,50
2006,NA,CHRIS,55,55,50,50
2006,NA,DEBBY,45,45,45,45
2006,NA,ERNESTO,65,60,60,60
2006,NA,FLORENCE,80,80,75,75
2006,NA,GORDON,105,105,105,105
2006,NA,HELENE,105,105,100,95
2006,NA,ISAAC,75,75,70,70
2006,NI,MALA,100,100,100,100
2006,NI,MUKDA,55,50,50,45
2006,SI,920052006,50,50,45,45
2006,SI,BERTIE,100,100,100,100
2006,SI,BOLOETSE,85,85,85,80
2006,SI,CARINA,110,110,110,105
2006,SI,CLARE,75,75,75,75
2006,SI,DARYL,55,55,50,50
2006,SI,DIWA,60,60,60,60
2006,SI,ELIA,40,40,40,38
2006,SI,EMMA,40,40,40,35
2006,SI,FLOYD,105,105,100,100
2006,SI,GLENDA,110,110,110,110
2006,SI,HUBERT,50,50,50,50
2006,SP,JIM,80,80,80,80
2006,SP,KATE,50,50,45,40
2006,SP,LARRY,100,100,100,100
2006,SP,MONICA,135,135,135,135
2006,SP,TAM,45,45,45,45
2006,SP,URMIL,60,55,50,50
2006,SP,VAIANU,70,70,70,70
2006,SP,WATI,85,85,85,85
2006,WP,BEBINCA,50,50,50,50
2006,WP,BILIS,60,60,60,60
2006,WP,BOPHA,55,55,55,50
2006,WP,CHANCHU,95,95,95,95
2006,WP,CHEBI,100,95,90,90
2006,WP,CIMARON,100,100,95,90
2006,WP,DURIAN,105,100,100,90
2006,WP,EWINIAR,100,100,100,90
2006,WP,JELAWAT,40,40,35,35
2006,WP,KAEMI,80,80,80,80
2006,WP,MARIA,70,70,70,70
2006,WP,PRAPIROON,65,65,65,65
2006,WP,RUMBIA,45,45,45,45
2006,WP,SAOMAI,105,105,105,105
2006,WP,SHANSHAN,110,110,110,110
2006,WP,SONAMU,35,35,35,35
2006,WP,SOULIK,75,75,75,75
2006,WP,TRAMI,35,35,35,35
2006,WP,UTOR,85,85,80,80
2006,WP,WUKONG,50,50,50,50
2006,WP,XANGSANE,85,80,80,80
2006,WP,YAGI,105,105,100,100
2007,EP,ALVIN,35,35,35,35
2007,EP,BARBARA,45,45,45,45
2007,EP,COSME,65,60,60,55
2007,EP,DALILA,50,50,45,45
2007,EP,ERICK,35,35,35,35
2007,EP,FIVE,30,30,25,25
2007,EP,FLOSSIE,120,120,120,120
2007,EP,FOUR,30,30,30,30
2007,EP,GIL,40,40,40,40
2007,EP,HENRIETTE,75,70,70,65
2007,EP,IVO,70,70,70,65
2007,EP,JULIETTE,50,50,45,45
2007,EP,KIKO,60,60,60,55
2007,EP,THIRTEEN,30,30,30,30
2007,EP,THREE,30,30,30,30
2007,NA,ANDREA,65,65,65,55
2007,NA,BARRY,50,45,40,40
2007,NA,CHANTAL,60,60,60,60
2007,NA,DEAN,150,150,145,145
2007,NA,ERIN,50,35,35,35
2007,NA,FELIX,150,150,150,140
2007,NA,FIFTEEN,45,45,45,40
2007,NA,GABRIELLE,50,50,45,45
2007,NA,HUMBERTO,80,80,65,55
2007,NA,INGRID,40,40,35,35
2007,NA,JERRY,35,35,35,35
2007,NA,KAREN,65,65,60,55
2007,NA,LORENZO,70,65,65,60
2007,NA,MELISSA,35,35,35,35
2007,NA,NOEL,75,75,70,70
2007,NA,OLGA,50,50,45,40
2007,NA,TEN,30,30,25,20
2007,NI,AKASH,45,45,45,45
2007,NI,GONU,127,127,115,115
2007,NI,SIDR,115,115,115,115
2007,SI,1520062007,50,45,45,45
2007,SI,ANITA,35,33,33,33
2007,SI,BONDO,110,105,105,100
2007,SI,CLOVIS,62,60,60,57
2007,SI,DORA,105,105,100,100
2007,SI,ENOK,62,60,55,52
2007,SI,FAVIO,105,100,100,95
2007,SI,GAMEDE,90,90,90,85
2007,SI,GEORGE,110,105,95,95
2007,SI,HUMBA,75,75,70,65
2007,SI,INDLALA,95,95,90,85
2007,SI,ISOBEL,30,30,30,30
2007,SI,JACOB,70,65,65,60
2007,SI,JAYA,100,95,95,90
2007,SI,KARA,105,100,100,100
2007,SP,ARTHUR,60,60,55,55
2007,SP,BECKY,60,60,60,60
2007,SP,CLIFF,55,55,50,50
2007,SP,NELSON,50,50,50,50
2007,SP,PIERRE,40,40,40,35
2007,SP,XAVIER,95,95,95,90
2007,SP,YANI,75,75,75,70
2007,SP,ZITA,60,60,55,50
2007,WP,DANAS,55,50,50,50
2007,WP,FAXAI,55,55,55,55
2007,WP,FITOW,70,70,70,70
2007,WP,FRANCISCO,40,40,40,35
2007,WP,HAGIBIS,70,70,70,70
2007,WP,HAIYAN,40,40,40,35
2007,WP,KAJIKI,90,90,85,85
2007,WP,KONG-REY,80,80,80,70
2007,WP,KROSA,105,105,105,105
2007,WP,LEKIMA,60,60,55,55
2007,WP,LINGLING,45,45,45,40
2007,WP,MAN-YI,95,95,95,95
2007,WP,MITAG,80,80,80,75
2007,WP,NARI,100,100,95,95
2007,WP,PABUK,65,65,60,60
2007,WP,PEIPAH,70,70,65,65
2007,WP,PODUL,55,55,55,50
2007,WP,SEPAT,110,110,110,110
2007,WP,TORAJI,35,35,35,35
2007,WP,USAGI,90,90,90,90
2007,WP,WIPHA,100,100,100,100
2007,WP,WUTIP,35,35,35,35
2007,WP,YUTU,95,95,95,90
2008,EP,ALMA,55,55,45,45
2008,EP,BORIS,70,65,65,65
2008,EP,CRISTINA,45,45,45,40
2008,EP,DOUGLAS,35,35,35,35
2008,EP,ELIDA,90,90,85,80
2008,EP,FAUSTO,80,80,80,75
2008,EP,FIVE,30,30,30,25
2008,EP,GENEVIEVE,65,65,65,60
2008,EP,HERNAN,105,105,100,90
2008,EP,ISELLE,45,40,40,40
2008,EP,JULIO,45,45,40,40
2008,EP,KARINA,35,35,30,30
2008,EP,KIKA,35,35,35,35
2008,EP,LOWELL,45,45,45,45
2008,EP,MARIE,70,70,65,65
2008,EP,NORBERT,115,110,110,100
2008,EP,ODILE,50,50,50,50
2008,EP,POLO,40,40,40,40
2008,EP,SEVENTEEN,30,30,30,30
2008,NA,ARTHUR,40,40,35,35
2008,NA,BERTHA,110,105,105,100
2008,NA,CRISTOBAL,55,55,55,55
2008,NA,DOLLY,85,85,75,75
2008,NA,EDOUARD,55,55,50,45
2008,NA,FAY,60,55,55,55
2008,NA,GUSTAV,135,125,120,110
2008,NA,HANNA,75,70,65,60
2008,NA,IKE,125,120,115,115
2008,NA,JOSEPHINE,55,55,55,50
2008,NA,KYLE,75,70,70,70
2008,NA,LAURA,70,70,65,65
2008,NA,MARCO,55,55,55,50
2008,NA,NANA,35,35,35,35
2008,NA,OMAR,115,95,90,80
2008,NA,PALOMA,125,125,110,100
2008,NA,SIXTEEN,25,25,25,25
2008,NI,KHAI-MUK,40,40,35,35
2008,NI,NARGIS,90,90,90,90
2008,NI,NISHA,45,45,45,45
2008,NI,RASHMI,45,40,40,35
2008,NI,SEVEN,30,30,30,30
2008,NI,THREE,30,30,25,25
2008,NI,TWO,30,30,30,30
2008,SI,BONGWE,57,55,55,52
2008,SI,CELINA,40,40,37,35
2008,SI,DAMA,35,35,35,35
2008,SI,DURGA,50,50,50,50
2008,SI,ELNUS,35,35,35,35
2008,SI,FAME,70,57,55,53
2008,SI,GULA,85,80,70,65
2008,SI,HELEN,50,50,50,45
2008,SI,HONDO,115,115,115,110
2008,SI,IVAN,100,100,95,95
2008,SI,JOKWE,105,100,95,85
2008,SI,KAMBA,100,100,100,90
2008,SI,LEE-ARIEL,50,50,50,47
2008,SI,LOLA,35,35,35,33
2008,SI,MELANIE,60,60,55,55
2008,SI,NICHOLAS,80,80,80,80
2008,SI,NONAME,40,40,35,30
2008,SI,OPHELIA,55,55,55,50
2008,SI,PANCHO,95,90,90,90
2008,SI,ROSIE,50,50,45,40
2008,SP,DAMAN,100,90,90,90
2008,SP,ELISA,50,50,45,40
2008,SP,FUNA,95,95,90,85
2008,SP,GENE,85,85,85,80
2008,SP,GUBA,65,65,65,65
2008,WP,BAVI,45,45,45,40
2008,WP,DOLPHIN,65,65,65,60
2008,WP,FENGSHEN,90,85,80,75
2008,WP,FUNG-WONG,75,75,75,75
2008,WP,HAGUPIT,90,85,85,85
2008,WP,HAISHEN,40,40,35,35
2008,WP,HALONG,60,60,55,55
2008,WP,HIGOS,35,35,35,35
2008,WP,JANGMI,115,115,115,115
2008,WP,KALMAEGI,65,65,60,60
2008,WP,KAMMURI,50,50,45,45
2008,WP,MATMO,50,45,45,40
2008,WP,MAYSAK,50,50,50,45
2008,WP,MEKKHALA,45,45,40,40
2008,WP,NAKRI,100,100,100,95
2008,WP,NEOGURI,80,80,80,80
2008,WP,NOUL,40,35,35,35
2008,WP,NURI,75,75,75,75
2008,WP,PHANFONE,50,45,40,35
2008,WP,RAMMASUN,105,105,100,100
2008,WP,SINLAKU,100,100,100,100
2008,WP,VONGFONG,50,50,50,50
2009,EP,ANDRES,70,70,65,60
2009,EP,BLANCA,45,45,40,40
2009,EP,CARLOS,90,90,80,75
2009,EP,DOLORES,50,45,40,40
2009,EP,ENRIQUE,55,55,50,45
2009,EP,FELICIA,125,125,120,115
2009,EP,GUILLERMO,110,100,100,95
2009,EP,HILDA,55,55,55,50
2009,EP,IGNACIO,45,45,45,45
2009,EP,JIMENA,135,135,135,130
2009,EP,KEVIN,45,45,40,40
2009,EP,LANA,55,50,50,50
2009,EP,LINDA,70,70,70,65
2009,EP,MARTY,40,40,40,40
2009,EP,NEKI,110,105,100,100
2009,EP,NINE,30,30,30,30
2009,EP,NORA,50,45,45,45
2009,EP,OLAF,40,40,40,35
2009,EP,ONE,30,30,30,30
2009,EP,PATRICIA,50,50,50,50
2009,EP,RICK,155,155,150,140
2009,EP,TD0813,35,35,30,30
2009,EP,TWO_C,30,30,30,30
2009,NA,ANA,35,35,35,35
2009,NA,BILL,115,115,115,115
2009,NA,CLAUDETTE,50,45,40,40
2009,NA,DANNY,50,50,50,45
2009,NA,EIGHT,30,30,30,30
2009,NA,ERIKA,45,45,45,40
2009,NA,FRED,105,100,95,90
2009,NA,GRACE,55,55,55,55
2009,NA,HENRI,45,45,40,40
2009,NA,IDA,90,85,85,80
2009,NA,ONE,30,30,30,30
2009,NI,AILA,60,55,50,50
2009,NI,BIJLI,40,40,40,40
2009,NI,PHYAN,45,45,40,40
2009,NI,WARD,45,45,45,45
2009,SI,ANIKA,50,50,50,50
2009,SI,ASMA,45,42,40,35
2009,SI,BILLY,95,90,90,90
2009,SI,CINDA,50,50,45,43
2009,SI,DOMINIC,55,55,55,50
2009,SI,DONGO,60,50,50,50
2009,SI,ERIC,50,45,45,45
2009,SI,FANELE,100,90,90,90
2009,SI,FREDDY,45,45,45,45
2009,SI,GABRIELLE,35,35,35,35
2009,SI,GAEL,100,100,95,90
2009,SI,HINA,57,57,57,55
2009,SI,ILSA,90,90,80,80
2009,SI,IZILDA,60,57,50,50
2009,SI,JADE,70,65,65,65
2009,SI,KIRRILY,35,35,35,35
2009,SI,THREE,35,35,33,30
2009,SP,CHARLOTTE,45,45,40,35
2009,SP,ELLIE,40,40,40,35
2009,SP,HAMISH,115,115,115,115
2009,SP,HETTIE,35,35,35,35
2009,SP,INNIS,40,40,35,35
2009,SP,JASPER,50,50,50,40
2009,SP,JONI,55,55,55,55
2009,SP,KEN,50,50,45,45
2009,SP,LIN,60,60,50,50
2009,WP,CHAN-HOM,65,65,65,60
2009,WP,CHOI-WAN,105,105,105,105
2009,WP,DUJUAN,50,50,50,50
2009,WP,ETAU,40,40,40,40
2009,WP,GONI,40,40,40,40
2009,WP,KETSANA,70,70,70,70
2009,WP,KOPPU,65,60,55,55
2009,WP,KROVANH,60,60,60,55
2009,WP,KUJIRA,85,85,85,80
2009,WP,LINFA,60,60,60,60
2009,WP,LUPIT,95,95,95,90
2009,WP,MELOR,110,110,110,105
2009,WP,MIRINAE,80,80,80,75
2009,WP,MOLAVE,65,65,65,65
2009,WP,MORAKOT,75,75,75,75
2009,WP,MUJIGAE,40,40,35,35
2009,WP,NANGKA,40,40,40,40
2009,WP,NEPARTAK,45,45,45,45
2009,WP,NIDA,115,115,110,105
2009,WP,PARMA,100,100,100,90
2009,WP,SOUDELOR,35,35,35,35
2009,WP,VAMCO,90,90,90,90
2010,EP,AGATHA,40,40,35,35
2010,EP,BLAS,55,55,50,50
2010,EP,CELIA,140,140,125,115
2010,EP,DARBY,105,105,100,100
2010,EP,EIGHT,30,30,30,30
2010,EP,ESTELLE,55,55,50,50
2010,EP,FRANK,80,75,75,70
2010,EP,GEORGETTE,35,35,35,35
2010,EP,HERMINE,30,30,30,30
2010,EP,SIX,30,30,30,25
2010,EP,TD1219,45,45,35,35
2010,EP,TEN,30,30,30,30
2010,EP,TWO,30,25,25,25
2010,NA,ALEX,95,90,80,75
2010,NA,BONNIE,40,40,35,35
2010,NA,COLIN,50,50,45,40
2010,NA,DANIELLE,115,110,110,105
2010,NA,EARL,125,120,115,115
2010,NA,FIONA,55,50,50,50
2010,NA,FIVE,30,30,30,25
2010,NA,GASTON,35,35,30,30
2010,NA,HERMINE,60,55,55,50
2010,NA,IGOR,135,130,130,130
2010,NA,JULIA,120,115,110,105
2010,NA,KARL,110,110,100,95
2010,NA,LISA,75,70,65,60
2010,NA,MATTHEW,50,50,50,45
2010,NA,NICOLE,40,40,40,40
2010,NA,OTTO,75,75,70,70
2010,NA,PAULA,90,90,85,85
2010,NA,RICHARD,85,85,80,75
2010,NA,SHARY,65,65,65,55
2010,NA,TOMAS,85,85,85,80
2010,NA,TWO,30,30,30,30
2010,NI,BANDU,40,40,40,40
2010,NI,GIRI,105,105,90,80
2010,NI,JAL,60,60,60,60
2010,NI,LAILA,55,55,55,55
2010,NI,PHET,85,85,85,80
2010,SI,ANJA,90,90,85,85
2010,SI,BONGANI,40,37,35,35
2010,SI,CLEO,105,100,90,82
2010,SI,DAVID,45,45,45,45
2010,SI,EDZANI,120,120,115,110
2010,SI,FAMI,45,40,30,27
2010,SI,GELANE,110,100,95,90
2010,SI,HUBERT,55,45,43,35
2010,SI,IMANI,70,70,65,60
2010,SI,JOEL,60,55,55,50
2010,SI,LAURENCE,110,110,110,110
2010,SI,MAGDA,70,65,65,65
2010,SI,ROBYN,60,55,55,55
2010,SI,SEAN,55,55,55,50
2010,SP,MICK,60,50,50,45
2010,SP,NEVILLE,35,35,35,30
2010,SP,NISHA,40,35,35,35
2010,SP,OLGA,50,50,50,40
2010,SP,OLI,100,100,100,100
2010,SP,PAT,75,70,65,65
2010,SP,PAUL,70,65,65,65
2010,SP,RENE,85,85,80,80
2010,SP,SEVENTEEN,35,35,35,35
2010,SP,TOMAS,100,100,100,100
2010,SP,ULUI,105,105,105,105
2010,WP,CHABA,95,95,95,90
2010,WP,CHANTHU,70,70,65,65
2010,WP,CONSON,70,65,65,65
2010,WP,DIANMU,50,50,50,50
2010,WP,FANAPI,95,95,85,85
2010,WP,KOMPASU,80,80,80,80
2010,WP,LIONROCK,50,50,50,50
2010,WP,MALAKAS,85,80,80,80
2010,WP,MALOU,50,50,50,50
2010,WP,MEGI,125,125,120,110
2010,WP,MERANTI,55,50,45,40
2010,WP,MINDULLE,45,45,40,40
2010,WP,OMAIS,35,35,35,35
2011,EP,ADRIAN,120,120,120,110
2011,EP,BEATRIZ,80,75,70,70
2011,EP,CALVIN,70,65,65,55
2011,EP,DORA,135,130,125,115
2011,EP,EIGHT,30,30,30,25
2011,EP,EUGENE,120,115,115,105
2011,EP,FERNANDA,60,60,55,55
2011,EP,GREG,75,75,70,70
2011,EP,HILARY,125,125,120,120
2011,EP,IRWIN,85,85,80,80
2011,EP,JOVA,110,105,105,100
2011,EP,KENNETH,125,125,115,110
2011,EP,TWELVE,30,30,30,30
2011,NA,ARLENE,55,55,55,50
2011,NA,BRET,60,60,50,45
2011,NA,CINDY,60,55,55,50
2011,NA,DON,45,45,45,45
2011,NA,EMILY,45,45,45,45
2011,NA,FRANKLIN,40,40,35,35
2011,NA,GERT,55,50,50,45
2011,NA,HARVEY,55,55,50,50
2011,NA,IRENE,105,100,100,95
2011,NA,JOSE,40,40,40,40
2011,NA,KATIA,120,115,110,105
2011,NA,LEE,50,45,45,40
2011,NA,MARIA,70,70,65,65
2011,NA,NATE,65,65,55,55
2011,NA,OPHELIA,120,110,110,105
2011,NA,PHILIPPE,80,80,80,80
2011,NA,RINA,100,100,100,95
2011,NA,SEAN,55,55,55,55
2011,NA,TEN,30,30,30,30
2011,NI,FIVE,30,30,30,30
2011,NI,FOUR,30,30,30,30
2011,NI,KEILA,35,35,35,35
2011,NI,ONE,25,25,25,20
2011,NI,THANE,75,75,75,75
2011,NI,TWO,5,5,5,3
2011,SI,920102011,50,50,50,48
2011,SI,ABELE,70,60,60,50
2011,SI,ANGGREK,40,40,35,35
2011,SI,BIANCA,95,90,90,90
2011,SI,BINGIZA,85,85,85,80
2011,SI,CARLOS,65,60,60,60
2011,SI,CHERONO,40,40,40,40
2011,SI,DIANNE,75,75,70,70
2011,SI,ERROL,55,55,50,50
2011,SI,NONAME,30,30,30,30
2011,SI,TWENTY,30,30,30,30
2011,SI,VINCE,40,35,35,35
2011,SP,ANTHONY,50,45,45,40
2011,SP,ATU,90,90,90,90
2011,SP,BUNE,70,70,70,65
2011,SP,TASHA,40,35,35,25
2011,SP,VANIA,55,55,55,50
2011,SP,WILMA,100,100,90,90
2011,SP,YASI,110,110,110,105
2011,SP,ZAKA,50,50,50,45
2011,SP,ZELIA,100,100,85,80
2011,WP,AERE,40,40,40,35
2011,WP,HAIMA,40,40,40,40
2011,WP,HAITANG,35,35,35,35
2011,WP,KULAP,35,35,35,35
2011,WP,MA-ON,95,95,95,95
2011,WP,MEARI,60,60,60,60
2011,WP,MERBOK,50,50,50,50
2011,WP,MUIFA,95,95,95,95
2011,WP,NALGAE,95,90,90,85
2011,WP,NANMADOL,100,100,100,95
2011,WP,NESAT,80,75,75,70
2011,WP,NOCK-TEN,50,50,50,50
2011,WP,NORU,40,40,40,40
2011,WP,ROKE,85,85,85,85
2011,WP,SARIKA,40,40,40,35
2011,WP,SONCA,70,70,70,70
2011,WP,SONGDA,105,105,105,105
2011,WP,TALAS,50,50,50,50
2011,WP,WASHI,50,45,40,40
2012,EP,ALETTA,45,45,45,45
2012,EP,BUD,100,95,95,90
2012,EP,CARLOTTA,95,90,90,85
2012,EP,DANIEL,100,90,90,90
2012,EP,EMILIA,120,115,110,105
2012,EP,FABIO,95,95,90,90
2012,EP,GILMA,70,65,65,65
2012,EP,HECTOR,45,45,40,40
2012,EP,ILEANA,75,75,70,70
2012,EP,JOHN,40,40,35,35
2012,EP,KRISTY,50,50,45,45
2012,EP,LANE,75,70,65,65
2012,EP,MIRIAM,105,100,100,95
2012,EP,NORMAN,45,45,40,35
2012,EP,OLIVIA,50,50,50,50
2012,EP,PAUL,105,100,100,85
2012,EP,ROSA,45,45,45,45
2012,NA,ALBERTO,50,45,45,40
2012,NA,BERYL,60,60,55,55
2012,NA,CHRIS,75,70,70,60
2012,NA,DEBBY,55,55,50,50
2012,NA,ERNESTO,85,80,80,80
2012,NA,FLORENCE,50,50,45,45
2012,NA,GORDON,95,90,90,90
2012,NA,HELENE,40,35,30,30
2012,NA,ISAAC,70,70,70,70
2012,NA,JOYCE,35,35,30,30
2012,NA,KIRK,90,90,80,80
2012,NA,LESLIE,70,70,65,65
2012,NA,MICHAEL,100,95,95,90
2012,NA,NADINE,80,80,75,75
2012,NA,OSCAR,45,45,45,45
2012,NA,PATTY,40,40,40,35
2012,NA,RAFAEL,80,80,80,75
2012,NA,SANDY,100,100,95,95
2012,NA,TONY,45,45,45,45
2012,NI,FOUR,30,30,30,30
2012,NI,MURJAN,40,35,35,35
2012,NI,NILAM,45,45,45,45
2012,NI,THREE,30,30,30,30
2012,SI,ALENGA,75,70,70,65
2012,SI,BENILDE,80,80,80,77
2012,SI,CHANDA,40,37,35,30
2012,SI,DANDO,45,40,40,40
2012,SI,ETHEL,57,57,57,55
2012,SI,FUNSO,110,105,105,100
2012,SI,GIOVANNA,105,100,95,90
2012,SI,GRANT,55,50,50,40
2012,SI,HEIDI,80,80,75,75
2012,SI,HILWA,48,45,42,42
2012,SI,IGGY,60,60,55,55
2012,SI,IRINA,52,50,50,50
2012,SI,KOJI,55,55,53,53
2012,SI,KUENA,45,45,40,38
2012,SI,LUA,85,85,85,85
2012,SP,CYRIL,50,50,50,45
2012,SP,DAPHNE,55,55,45,45
2012,SP,JASMINE,105,105,105,105
2012,WP,BOLAVEN,100,95,95,95
2012,WP,BOPHA,100,100,100,100
2012,WP,DAMREY,70,65,65,60
2012,WP,DOKSURI,40,40,40,40
2012,WP,EWINIAR,50,50,50,50
2012,WP,GAEMI,50,50,45,45
2012,WP,GUCHOL,100,100,100,100
2012,WP,HAIKUI,65,65,60,60
2012,WP,JELAWAT,110,110,110,110
2012,WP,KAI-TAK,65,65,65,60
2012,WP,KHANUN,50,50,45,45
2012,WP,KIROGI,50,45,45,45
2012,WP,MALIKSI,50,50,50,50
2012,WP,MARIA,50,50,50,50
2012,WP,MAWAR,75,75,75,70
2012,WP,PAKHAR,40,40,40,40
2012,WP,PRAPIROON,90,90,90,90
2012,WP,SANBA,110,110,110,105
2012,WP,SANVU,60,60,60,60
2012,WP,SAOLA,70,70,70,70
2012,WP,SON-TINH,85,80,75,70
2012,WP,TALIM,50,50,50,45
2012,WP,TEMBIN,80,80,80,80
2012,WP,VICENTE,80,70,60,60
2012,WP,WUKONG,40,40,40,35
2013,EP,ALVIN,50,45,40,40
2013,EP,BARBARA,70,65,55,50
2013,EP,COSME,75,70,70,65
2013,EP,DALILA,70,70,65,65
2013,EP,ERICK,70,70,70,70
2013,EP,FLOSSIE,60,55,55,55
2013,EP,GIL,75,75,75,70
2013,EP,HENRIETTE,90,85,85,80
2013,EP,IVO,40,40,40,35
2013,EP,JULIETTE,55,55,50,45
2013,EP,KIKO,65,65,55,55
2013,EP,LORENA,45,45,40,40
2013,EP,MANUEL,65,65,65,60
2013,EP,NARDA,55,55,50,50
2013,EP,OCTAVE,55,55,55,50
2013,EP,PRISCILLA,40,40,35,35
2013,EP,RAYMOND,110,105,105,95
2013,EP,SONIA,40,40,40,35
2013,EP,THREE,30,30,30,30
2013,EP,UNALA,35,35,30,30
2013,NA,ANDREA,55,55,50,50
2013,NA,BARRY,40,40,40,40
2013,NA,CHANTAL,55,55,50,50
2013,NA,DORIAN,50,50,50,45
2013,NA,EIGHT,30,30,25,25
2013,NA,ERIN,40,40,35,35
2013,NA,FERNAND,50,50,45,45
2013,NA,GABRIELLE,55,50,50,45
2013,NA,HUMBERTO,80,80,80,75
2013,NA,INGRID,75,75,70,65
2013,NA,JERRY,45,40,40,40
2013,NA,KAREN,55,55,55,50
2013,NA,LORENZO,45,45,45,45
2013,NA,MELISSA,55,55,55,55
2013,NI,HELEN,55,55,55,55
2013,NI,LEHAR,75,75,75,75
2013,NI,MADI,65,65,65,65
2013,NI,PHAILIN,115,115,115,115
2013,NI,THIRTY,25,25,25,25
2013,NI,THREE,30,30,30,30
2013,NI,VIYARU,45,45,45,45
2013,SI,ANAIS,100,95,90,85
2013,SI,BOLDWIN,57,55,50,45
2013,SI,CLAUDIA,95,90,90,85
2013,SI,DUMILE,70,70,68,63
2013,SI,EMANG,35,35,32,30
2013,SI,FELLENG,90,90,90,85
2013,SI,GINO,75,75,70,70
2013,SI,HARUNA,80,80,80,80
2013,SI,IMELDA,80,80,75,70
2013,SI,JAMALA,40,37,37,35
2013,SI,MITCHELL,45,45,45,45
2013,SI,NARELLE,105,105,105,100
2013,SI,PETA,45,40,35,35
2013,SI,RUSTY,90,90,85,85
2013,SI,VICTORIA,75,75,75,65
2013,SP,EVAN,100,100,100,100
2013,SP,FREDA,80,60,50,40
2013,SP,GARRY,80,80,80,80
2013,SP,HALEY,40,40,40,35
2013,SP,OSWALD,35,35,30,30
2013,SP,SANDRA,100,100,100,90
2013,SP,TIM,50,50,50,50
2013,SP,ZANE,65,65,60,55
2013,WP,BEBINCA,40,40,40,40
2013,WP,CIMARON,40,40,40,35
2013,WP,DANAS,90,90,90,90
2013,WP,FITOW,75,75,75,75
2013,WP,FRANCISCO,105,105,105,105
2013,WP,HAIYAN,125,125,115,115
2013,WP,JEBI,50,50,50,50
2013,WP,KONG-REY,55,55,55,50
2013,WP,KROSA,75,75,75,70
2013,WP,LEEPI,40,40,40,40
2013,WP,LEKIMA,115,115,115,115
2013,WP,MAN-YI,65,65,65,65
2013,WP,MANGKHUT,40,40,40,35
2013,WP,NARI,75,75,75,75
2013,WP,PABUK,60,60,60,60
2013,WP,RUMBIA,50,50,45,45
2013,WP,SEPAT,40,40,40,40
2013,WP,SONAMU,50,50,50,50
2013,WP,SOULIK,100,100,100,95
2013,WP,TORAJI,50,50,50,50
2013,WP,TRAMI,60,60,60,60
2013,WP,USAGI,110,110,110,110
2013,WP,UTOR,105,95,90,85
2013,WP,WIPHA,90,90,85,80
2013,WP,WUTIP,65,65,65,65
2013,WP,YAGI,45,45,45,45
2014,EP,AMANDA,135,135,125,120
2014,EP,ANA,75,70,70,70
2014,EP,BORIS,40,35,35,30
2014,EP,CRISTINA,130,125,110,105
2014,EP,DOUGLAS,45,45,40,40
2014,EP,ELIDA,45,45,45,45
2014,EP,FAUSTO,40,40,40,35
2014,EP,HERNAN,65,65,60,60
2014,EP,ISELLE,120,115,115,110
2014,EP,JULIO,105,100,100,95
2014,EP,KARINA,75,75,70,70
2014,EP,LOWELL,65,65,60,60
2014,EP,MARIE,140,135,130,130
2014,EP,NORBERT,110,100,95,90
2014,EP,ODILE,120,115,110,110
2014,EP,POLO,65,65,65,60
2014,EP,RACHEL,75,75,75,70
2014,EP,SIMON,115,105,100,90
2014,EP,SIXTEEN,30,30,30,30
2014,EP,TRUDY,55,50,45,40
2014,EP,VANCE,95,95,90,90
2014,EP,WALI,40,40,35,35
2014,NA,ARTHUR,85,85,85,85
2014,NA,BERTHA,70,70,65,60
2014,NA,CRISTOBAL,75,75,70,70
2014,NA,DOLLY,45,40,40,40
2014,NA,EDOUARD,105,100,95,95
2014,NA,FAY,70,70,65,60
2014,NA,GONZALO,125,125,120,115
2014,NA,INVEST,35,35,35,30
2014,NA,TWO,30,30,30,30
2014,NI,FIVE,30,30,30,30
2014,NI,HUDHUD,100,100,100,100
2014,NI,NANAUK,45,45,45,45
2014,NI,NILOFAR,110,110,105,105
2014,NI,ONE,25,25,25,25
2014,SI,AMARA,110,110,110,103
2014,SI,BEJISA,95,95,90,90
2014,SI,BRUCE,120,120,120,120
2014,SI,CHRISTINE,90,90,80,75
2014,SI,COLIN,110,105,95,95
2014,SI,DELIWE,45,45,40,33
2014,SI,EDILSON,57,55,55,50
2014,SI,FOBANE,60,57,53,50
2014,SI,GILLIAN,110,110,110,90
2014,SI,GUITO,60,57,55,52
2014,SI,HELLEN,125,120,105,90
2014,SI,IVANOE,47,45,45,45
2014,SI,JACK,75,75,70,65
2014,SI,NONAME,55,55,55,50
2014,SI,ONE,35,33,32,30
2014,SP,DYLAN,60,55,55,50
2014,SP,EDNA,50,50,45,45
2014,SP,FLETCHER,35,35,35,35
2014,SP,HADI,40,40,40,35
2014,SP,IAN,110,110,110,105
2014,SP,ITA,120,120,110,110
2014,SP,JUNE,45,40,40,40
2014,SP,KOFI,55,50,50,50
2014,SP,LUSI,80,70,70,65
2014,SP,MIKE,50,50,50,50
2014,WP,FAXAI,65,65,60,60
2014,WP,FENGSHEN,60,60,60,60
2014,WP,FUNG-WONG,45,45,45,45
2014,WP,HAGIBIS,40,40,35,35
2014,WP,HAGUPIT,115,115,115,110
2014,WP,HALONG,105,105,105,105
2014,WP,JANGMI,40,35,35,35
2014,WP,KAJIKI,35,35,35,35
2014,WP,KALMAEGI,75,75,70,70
2014,WP,KAMMURI,50,50,50,50
2014,WP,LINGLING,35,35,35,35
2014,WP,MATMO,70,70,70,70
2014,WP,MITAG,40,40,40,35
2014,WP,NAKRI,55,55,55,50
2014,WP,NEOGURI,100,100,95,95
2014,WP,NURI,110,110,110,110
2014,WP,PHANFONE,95,95,95,95
2014,WP,RAMMASUN,90,90,85,85
2014,WP,SINLAKU,45,45,45,45
2014,WP,TAPAH,50,50,50,50
2014,WP,VONGFONG,115,115,115,115
2015,EP,ANDRES,125,125,120,115
2015,EP,BLANCA,125,120,115,115
2015,EP,CARLOS,80,75,75,75
2015,EP,DOLORES,115,110,105,95
2015,EP,EIGHT,30,30,30,30
2015,EP,ELA,40,40,40,35
2015,EP,ELEVEN,30,30,30,30
2015,EP,ENRIQUE,45,45,45,40
2015,EP,FELICIA,35,35,30,30
2015,EP,GUILLERMO,95,90,90,90
2015,EP,HILDA,125,120,115,110
2015,EP,IGNACIO,80,75,65,55
2015,EP,JIMENA,135,130,130,130
2015,EP,KEVIN,50,45,45,45
2015,EP,LINDA,110,110,105,90
2015,EP,MALIA,45,40,40,40
2015,EP,MARTY,70,65,65,60
2015,EP,NIALA,55,50,50,45
2015,EP,NINE,30,30,30,30
2015,EP,NORA,60,60,60,55
2015,EP,OHO,95,90,90,80
2015,EP,OLAF,130,130,130,125
2015,EP,PATRICIA,185,180,180,150
2015,EP,RICK,35,35,35,35
2015,EP,SANDRA,130,120,115,110
2015,EP,SIXTEEN,30,30,30,30
2015,NA,ANA,50,50,50,45
2015,NA,BILL,50,50,50,45
2015,NA,CLAUDETTE,45,45,45,45
2015,NA,DANNY,110,105,95,95
2015,NA,ERIKA,45,45,45,45
2015,NA,FRED,75,70,70,65
2015,NA,GRACE,50,45,45,45
2015,NA,HENRI,45,45,45,40
2015,NA,IDA,45,45,45,40
2015,NA,JOAQUIN,135,130,120,120
2015,NA,KATE,75,70,65,65
2015,NA,NINE,30,30,25,25
2015,NI,ASHOBAA,45,45,45,45
2015,NI,CHAPALA,115,115,115,115
2015,NI,KOMEN,40,40,35,35
2015,NI,MEGH,95,95,90,90
2015,NI,THREE,30,30,30,30
2015,SI,ADJALI,60,57,55,53
2015,SI,BANSI,120,115,115,110
2015,SI,CHEDZA,57,50,45,45
2015,SI,DIAMONDRA,45,45,45,45
2015,SI,EUNICE,125,120,120,120
2015,SI,FUNDI,55,50,48,40
2015,SI,GLENDA,50,50,50,50
2015,SI,HALIBA,45,45,45,45
2015,SI,IKOLA,95,90,90,80
2015,SI,JOALANE,75,75,70,70
2015,SI,KATE,90,90,90,90
2015,SI,OLWYN,75,75,70,65
2015,SI,QUANG,100,95,90,80
2015,SI,TWO,32,32,30,30
2015,SP,MARCIA,110,110,105,100
2015,SP,NATHAN,90,85,75,75
2015,SP,NIKO,55,50,45,45
2015,SP,OLA,80,80,75,70
2015,SP,PAM,135,135,135,135
2015,SP,RAQUEL,35,35,35,35
2015,SP,REUBEN,40,40,40,35
2015,SP,SOLO,55,55,55,50
2015,WP,ATSANI,100,100,100,100
2015,WP,BAVI,45,45,45,45
2015,WP,CHAMPI,95,95,95,90
2015,WP,CHAN-HOM,90,90,90,90
2015,WP,CHOI-WAN,60,60,60,55
2015,WP,DOLPHIN,100,100,100,95
2015,WP,DUJUAN,110,110,110,110
2015,WP,ETAU,50,50,50,50
2015,WP,GONI,100,100,100,100
2015,WP,HAISHEN,35,35,35,35
2015,WP,HALOLA,80,80,80,80
2015,WP,HIGOS,90,80,80,70
2015,WP,IN-FA,95,95,90,90
2015,WP,KILO,80,80,80,80
2015,WP,KOPPU,100,95,95,90
2015,WP,KROVANH,85,85,85,80
2015,WP,KUJIRA,45,45,45,45
2015,WP,LINFA,50,50,50,50
2015,WP,MAYSAK,105,105,105,105
2015,WP,MEKKHALA,60,60,60,50
2015,WP,MELOR,95,95,85,85
2015,WP,MOLAVE,45,45,45,45
2015,WP,MUJIGAE,85,85,75,70
2015,WP,NANGKA,100,100,100,100
2015,WP,NOUL,110,110,105,100
2015,WP,SOUDELOR,115,115,115,105
2015,WP,VAMCO,35,35,35,35
2016,EP,AGATHA,45,45,40,40
2016,EP,BLAS,120,115,110,110
2016,EP,CELIA,85,85,85,80
2016,EP,DARBY,105,100,100,95
2016,EP,ESTELLE,60,60,60,60
2016,EP,FRANK,75,75,70,65
2016,EP,GEORGETTE,115,110,105,100
2016,EP,HOWARD,50,50,50,45
2016,EP,IVETTE,50,50,45,45
2016,EP,JAVIER,55,50,50,45
2016,EP,KAY,45,45,45,45
2016,EP,LESTER,125,120,120,115
2016,EP,MADELINE,50,50,45,45
2016,EP,NEWTON,80,75,75,75
2016,EP,ONE,30,30,30,30
2016,EP,ORLENE,95,95,90,85
2016,EP,OTTO,60,55,50,45
2016,EP,PAINE,80,75,70,70
2016,EP,PALI,85,85,80,80
2016,EP,ROSLYN,45,45,45,40
2016,EP,SEYMOUR,130,130,125,115
2016,EP,TINA,35,35,35,35
2016,EP,ULIKA,65,65,60,55
2016,NA,ALEX,75,75,70,70
2016,NA,BONNIE,40,40,35,35
2016,NA,COLIN,50,50,50,50
2016,NA,DANIELLE,40,35,35,35
2016,NA,EARL,75,75,70,65
2016,NA,EIGHT,30,30,30,30
2016,NA,FIONA,45,45,45,45
2016,NA,GASTON,105,105,105,100
2016,NA,HERMINE,70,70,65,65
2016,NA,IAN,55,55,55,50
2016,NA,JULIA,45,45,40,40
2016,NA,KARL,60,60,60,55
2016,NA,LISA,45,45,45,45
2016,NA,MATTHEW,145,140,135,135
2016,NA,NICOLE,120,115,110,105
2016,NA,OTTO,100,100,95,90
2016,NI,KYANT,40,40,40,40
2016,NI,NADA,40,40,40,40
2016,NI,ROANU,45,45,45,45
2016,NI,TWO,25,25,25,25
2016,NI,VARDAH,70,70,70,70
2016,SI,ANNABELLE,55,55,50,50
2016,SI,BOHALE,35,35,35,35
2016,SI,CORENTIN,60,60,57,57
2016,SI,DAYA,38,37,35,35
2016,SI,EMERAUDE,110,105,90,85
2016,SI,FANTALA,135,135,135,125
2016,SI,NONAME,30,30,25,25
2016,SI,SEVENTEEN,45,42,40,40
2016,SI,STAN,55,50,50,50
2016,SI,URIAH,110,105,95,85
2016,SP,AMOS,80,80,80,80
2016,SP,SIXTEEN,30,30,25,25
2016,SP,TATIANA,50,50,50,50
2016,SP,TUNI,40,40,40,40
2016,SP,ULA,100,100,100,100
2016,SP,VICTOR,80,80,80,75
2016,SP,WINSTON,150,150,150,145
2016,SP,YALO,40,40,40,40
2016,SP,ZENA,70,70,65,65
2016,WP,AERE,60,55,55,50
2016,WP,CHABA,115,115,115,110
2016,WP,CHANTHU,55,55,55,55
2016,WP,CONSON,45,45,45,45
2016,WP,DIANMU,40,40,40,35
2016,WP,HAIMA,115,115,115,110
2016,WP,KOMPASU,35,35,35,35
2016,WP,LIONROCK,90,90,90,85
2016,WP,LUPIT,40,40,40,35
2016,WP,MA-ON,35,35,35,35
2016,WP,MALAKAS,95,95,95,95
2016,WP,MEARI,75,75,75,75
2016,WP,MEGI,85,85,80,80
2016,WP,MERANTI,120,115,115,115
2016,WP,MINDULLE,65,65,65,65
2016,WP,MIRINAE,55,45,45,40
2016,WP,NAMTHEUN,70,70,70,70
2016,WP,NEPARTAK,110,110,110,110
2016,WP,NIDA,60,60,55,55
2016,WP,NOCK-TEN,105,105,105,105
2016,WP,OMAIS,60,60,60,60
2016,WP,SARIKA,95,85,80,75
2016,WP,SONGDA,100,100,95,95
2016,WP,TOKAGE,50,45,45,45
